"SPOL","OBČINE","2011 Brez izobrazbe, nepopolna osnovnošolska","2011 Osnovnošolska","2011 Srednješolska - Skupaj","2011 Višješolska, visokošolska - Skupaj","2012 Brez izobrazbe, nepopolna osnovnošolska","2012 Osnovnošolska","2012 Srednješolska - Skupaj","2012 Višješolska, visokošolska - Skupaj","2013 Brez izobrazbe, nepopolna osnovnošolska","2013 Osnovnošolska","2013 Srednješolska - Skupaj","2013 Višješolska, visokošolska - Skupaj","2014 Brez izobrazbe, nepopolna osnovnošolska","2014 Osnovnošolska","2014 Srednješolska - Skupaj","2014 Višješolska, visokošolska - Skupaj","2015 Brez izobrazbe, nepopolna osnovnošolska","2015 Osnovnošolska","2015 Srednješolska - Skupaj","2015 Višješolska, visokošolska - Skupaj","2016 Brez izobrazbe, nepopolna osnovnošolska","2016 Osnovnošolska","2016 Srednješolska - Skupaj","2016 Višješolska, visokošolska - Skupaj","2017 Brez izobrazbe, nepopolna osnovnošolska","2017 Osnovnošolska","2017 Srednješolska - Skupaj","2017 Višješolska, visokošolska - Skupaj","2018 Brez izobrazbe, nepopolna osnovnošolska","2018 Osnovnošolska","2018 Srednješolska - Skupaj","2018 Višješolska, visokošolska - Skupaj","2019 Brez izobrazbe, nepopolna osnovnošolska","2019 Osnovnošolska","2019 Srednješolska - Skupaj","2019 Višješolska, visokošolska - Skupaj"
"Moški","Ajdovščina",229,2011,4929,975,209,1910,4859,1081,180,1829,4882,1113,170,1755,4846,1177,159,1700,4874,1207,154,1653,4922,1263,158,1612,4910,1326,145,1567,4935,1362,136,1514,5058,1406
"Moški","Ankaran/Ancarano",-,-,-,-,-,-,-,-,-,-,-,-,-,-,-,-,45,255,714,357,48,237,716,372,45,244,717,376,31,237,724,371,33,217,735,364
"Moški","Apače",103,458,915,84,100,442,932,92,90,434,932,99,82,432,937,106,75,414,939,111,74,394,946,117,71,370,945,128,70,353,951,129,68,347,954,136
"Moški","Beltinci",132,917,2084,334,106,905,2115,371,101,875,2145,390,95,851,2166,409,87,836,2159,427,85,816,2170,442,76,799,2159,463,80,768,2145,469,76,731,2147,477
"Moški","Benedikt",48,320,593,59,45,296,605,69,41,287,616,73,36,263,635,84,35,265,628,97,35,258,634,101,32,259,640,109,30,256,657,112,27,237,689,118
"Moški","Bistrica ob Sotli",35,181,313,56,34,167,314,64,33,167,316,68,29,160,319,68,29,165,321,71,28,159,319,76,24,154,323,73,23,152,323,75,23,134,333,72
"Moški","Bled",58,451,2180,720,59,435,2206,753,58,433,2172,759,58,437,2128,817,52,400,2098,839,51,370,2089,840,49,359,2035,885,46,341,2012,874,44,314,2011,889
"Moški","Bloke",35,168,410,92,35,162,413,101,33,157,422,103,29,144,413,112,28,145,409,112,26,125,415,115,21,118,422,121,20,114,416,122,17,108,439,125
"Moški","Bohinj",59,364,1514,278,55,335,1521,299,51,323,1531,308,45,332,1487,330,43,307,1466,356,40,291,1462,369,34,279,1473,384,29,281,1482,386,25,266,1485,395
"Moški","Borovnica",42,436,1050,200,39,399,1052,217,35,360,1080,222,31,352,1094,246,31,351,1125,255,30,336,1129,273,29,318,1141,303,28,309,1136,323,27,298,1166,329
"Moški","Bovec",96,327,790,195,91,287,786,195,86,276,805,199,83,281,799,207,79,274,784,218,78,261,792,222,67,252,778,234,60,254,785,237,62,246,777,246
"Moški","Braslovče",54,500,1363,312,49,487,1382,343,46,467,1366,369,43,451,1376,397,42,438,1373,417,41,433,1361,440,37,442,1364,475,35,436,1355,493,35,408,1366,511
"Moški","Brda",129,617,1447,274,122,584,1481,293,114,557,1474,296,110,557,1443,321,103,545,1445,331,93,529,1455,349,83,507,1455,372,74,489,1454,393,73,465,1477,395
"Moški","Brezovica",76,809,2891,774,67,773,2907,858,63,767,2961,920,61,785,2931,978,60,780,2920,1039,54,781,2932,1076,48,749,2968,1136,44,726,3002,1176,46,704,3087,1221
"Moški","Brežice",500,2126,6361,1338,456,2026,6430,1414,428,1997,6414,1436,398,1977,6412,1523,359,1895,6417,1565,344,1831,6482,1609,332,1771,6464,1683,321,1773,6373,1707,304,1709,6454,1744
"Moški","Cankova",36,268,431,68,35,269,439,72,34,255,437,76,33,253,425,85,32,244,431,87,30,241,427,94,30,221,417,104,27,214,421,104,26,206,417,106
"Moški","Celje",624,4215,12090,3689,575,3959,12036,3928,519,3902,12164,3977,512,3897,12227,4086,482,3791,12182,4172,446,3703,12347,4294,454,3555,12555,4454,443,3462,12772,4500,448,3382,12852,4568
"Moški","Cerklje na Gorenjskem",99,683,1742,375,96,660,1765,406,89,664,1771,422,86,631,1830,454,84,609,1820,488,80,585,1871,527,81,588,1851,561,78,566,1877,572,71,561,1885,608
"Moški","Cerknica",130,1049,2967,699,128,1014,3011,740,113,965,2990,769,113,940,2966,810,107,903,2997,851,98,880,2987,878,101,851,3028,933,85,821,3011,970,77,796,3075,976
"Moški","Cerkno",138,565,1167,215,130,556,1192,234,125,555,1160,241,117,553,1140,252,112,530,1145,265,106,502,1136,286,103,497,1132,287,96,473,1143,293,86,450,1142,300
"Moški","Cerkvenjak",41,293,528,42,37,276,523,51,34,269,511,61,34,261,531,66,30,249,570,70,31,233,567,77,29,227,582,85,24,209,581,83,25,193,609,92
"Moški","Cirkulane",74,252,623,68,66,240,638,71,59,231,664,75,57,218,690,86,53,207,700,94,50,205,686,99,47,191,734,109,46,181,759,102,45,186,809,107
"Moški","črenšovci",52,514,1044,165,49,490,1047,180,44,449,1045,179,43,430,1041,182,39,428,1041,187,38,418,1038,202,38,403,1019,199,35,395,1022,198,36,386,1047,206
"Moški","črna na Koroškem",164,320,1008,101,160,310,1025,110,153,302,1011,107,149,294,982,119,146,283,969,124,136,293,965,128,138,294,948,129,136,289,946,136,129,279,961,133
"Moški","črnomelj",460,1388,3828,704,413,1324,3845,765,367,1292,3865,769,346,1272,3884,804,324,1231,3902,843,310,1193,3857,858,307,1163,3818,890,290,1163,3819,913,272,1117,3916,907
"Moški","Destrnik",98,297,644,77,90,279,656,80,81,285,646,81,80,269,660,95,71,265,660,97,67,260,665,88,63,253,672,106,61,255,666,113,59,239,702,117
"Moški","Divača",60,438,1093,191,59,416,1108,214,53,407,1093,223,47,399,1098,236,47,382,1102,255,45,361,1110,256,43,374,1100,269,42,353,1143,287,38,330,1176,305
"Moški","Dobje",27,151,190,41,25,148,194,44,19,141,198,44,18,145,189,49,17,145,196,49,16,132,204,49,16,129,207,53,15,112,214,53,15,107,223,52
"Moški","Dobrepolje",99,387,1017,134,93,377,1030,158,84,379,1046,165,81,359,1050,176,82,341,1062,181,76,334,1053,187,73,328,1045,212,76,323,1045,219,74,314,1044,231
"Moški","Dobrna",71,234,558,87,67,227,572,93,65,226,561,100,59,223,571,111,52,208,558,117,50,197,570,126,56,195,577,135,54,177,586,134,52,171,599,135
"Moški","Dobrova - Polhov Gradec",123,556,1827,422,116,568,1827,462,105,611,1820,492,90,611,1809,506,81,620,1819,522,78,586,1863,532,77,565,1865,559,70,565,1896,579,64,535,1913,600
"Moški","Dobrovnik/Dobronak",11,153,324,49,11,152,333,49,10,152,333,49,13,136,326,53,9,141,328,63,9,130,331,63,7,124,336,70,8,118,335,73,8,116,333,78
"Moški","Dol pri Ljubljani",52,404,1366,382,47,389,1396,421,44,389,1418,428,44,388,1422,470,42,393,1440,491,38,375,1442,515,35,367,1425,549,34,377,1435,564,32,348,1478,618
"Moški","Dolenjske Toplice",115,313,817,207,106,300,810,218,92,300,822,220,84,284,823,228,77,256,857,242,74,245,873,247,70,242,877,264,66,237,854,275,65,231,897,285
"Moški","Domžale",224,2622,8528,2419,207,2485,8545,2607,196,2516,8532,2664,201,2474,8507,2852,181,2455,8493,2965,180,2411,8530,3093,164,2305,8553,3231,154,2237,8631,3332,156,2233,8821,3452
"Moški","Dornava",125,291,763,104,124,279,784,113,123,264,770,110,119,257,786,113,112,252,791,119,113,248,784,117,110,235,796,130,107,238,775,133,104,232,796,137
"Moški","Dravograd",201,819,2457,421,190,776,2465,449,170,755,2477,457,163,739,2430,478,153,735,2417,503,151,704,2406,542,141,683,2398,548,133,654,2394,568,128,605,2420,584
"Moški","Duplek",77,600,1872,264,75,561,1894,291,67,549,1920,304,63,519,1921,341,58,510,1914,350,55,488,1910,362,52,463,1903,382,48,455,1941,390,46,438,1966,391
"Moški","Gorenja vas - Poljane",192,597,1752,332,176,584,1749,364,167,589,1754,380,158,579,1778,398,155,557,1788,420,147,542,1808,449,142,530,1823,470,131,529,1836,499,119,494,1886,510
"Moški","Gorišnica",79,342,1097,151,73,331,1089,173,71,326,1119,178,66,329,1073,187,58,313,1074,199,52,314,1079,208,51,310,1061,218,48,299,1112,229,47,303,1162,235
"Moški","Gorje",26,217,814,158,22,200,815,169,21,199,817,169,19,192,800,173,21,187,798,179,21,180,796,196,19,176,773,212,17,172,762,216,16,170,764,220
"Moški","Gornja Radgona",185,943,2134,387,172,889,2176,419,170,880,2196,435,153,864,2186,449,146,830,2216,456,141,791,2225,472,133,770,2213,499,123,738,2204,517,115,724,2221,529
"Moški","Gornji Grad",70,297,650,95,68,278,671,97,69,269,671,103,65,268,665,112,65,256,657,124,54,256,666,126,54,256,653,135,53,244,658,133,46,215,674,127
"Moški","Gornji Petrovci",24,380,437,68,24,367,442,71,24,354,460,72,22,341,452,82,19,327,462,81,19,319,463,84,19,305,469,87,18,288,469,86,18,275,474,87
"Moški","Grad",59,395,496,43,57,374,500,49,51,378,502,49,49,366,503,52,47,346,514,57,47,324,512,62,44,313,506,63,42,304,517,65,42,288,516,70
"Moški","Grosuplje",193,1592,4848,1333,190,1519,4944,1409,156,1533,4995,1459,147,1491,4986,1548,143,1440,5021,1613,136,1421,5015,1651,137,1404,5082,1763,151,1390,5282,1824,149,1363,5511,1881
"Moški","Hajdina",57,271,1078,188,55,253,1079,208,48,236,1081,211,43,249,1072,218,41,239,1065,234,38,227,1054,240,35,232,1067,256,30,224,1083,255,30,218,1127,270
"Moški","Hoče - Slivnica",125,742,3073,681,112,718,3113,718,107,699,3289,738,91,703,3241,798,91,651,3248,822,96,618,3314,846,92,607,3255,901,87,604,3369,929,83,611,3667,954
"Moški","Hodoš/Hodos",2,76,50,6,14,83,55,10,16,82,57,9,15,78,52,9,17,78,54,8,19,77,56,10,17,77,57,10,18,76,60,9,17,73,58,11
"Moški","Horjul",28,194,800,151,25,184,795,160,22,182,810,167,26,186,802,182,24,187,792,190,25,183,785,192,22,180,787,207,21,178,798,214,19,180,810,211
"Moški","Hrastnik",223,1056,2551,391,213,988,2573,416,196,961,2556,424,182,937,2515,442,175,918,2452,458,155,895,2470,461,143,875,2468,471,139,830,2467,464,135,809,2463,485
"Moški","Hrpelje - Kozina",84,447,1151,195,79,429,1170,216,69,414,1199,220,62,403,1180,248,56,410,1174,261,55,394,1174,277,49,387,1174,292,43,388,1204,297,46,378,1237,306
"Moški","Idrija",239,1186,2876,723,220,1181,2912,764,202,1163,2952,791,192,1153,2915,834,173,1111,2933,845,167,1042,2970,871,159,1032,2932,909,146,1003,2946,915,148,987,2979,944
"Moški","Ig",100,598,1794,389,93,601,1764,424,85,585,1807,448,76,574,1792,477,77,545,1820,497,75,543,1822,514,69,511,1830,539,73,521,1837,552,72,521,1868,574
"Moški","Ilirska Bistrica",300,1242,3863,710,282,1209,3858,753,266,1178,3881,774,260,1168,3843,789,231,1132,3833,818,206,1066,3809,843,195,1036,3757,878,169,966,3755,882,158,940,3828,890
"Moški","Ivančna Gorica",286,1382,4017,792,267,1336,4079,892,244,1283,4124,944,222,1308,4130,1009,206,1245,4178,1066,204,1203,4228,1103,183,1180,4248,1167,181,1126,4342,1240,169,1085,4467,1296
"Moški","Izola/Isola",185,1581,3990,1152,186,1483,4017,1228,176,1444,4019,1245,167,1394,3909,1284,157,1328,3890,1318,154,1291,3916,1344,149,1231,3908,1427,157,1190,3910,1457,164,1199,3986,1513
"Moški","Jesenice",426,2114,5825,830,401,2025,5856,878,364,1923,5879,882,347,1882,5818,930,314,1852,5758,963,297,1797,5771,976,287,1755,5770,989,270,1716,5817,1018,262,1727,5981,1017
"Moški","Jezersko",12,56,169,43,8,55,162,49,7,54,161,48,7,50,160,57,7,48,157,58,5,42,154,57,5,38,161,59,5,40,164,58,5,40,166,63
"Moški","Juršinci",69,328,577,56,66,299,604,64,62,294,635,63,60,267,640,74,57,243,644,73,51,237,634,84,44,231,651,95,44,228,657,94,42,213,662,96
"Moški","Kamnik",360,2678,7110,1758,330,2513,7154,1850,304,2465,7194,1884,296,2487,7136,2023,277,2428,7137,2068,259,2304,7168,2131,253,2284,7147,2223,245,2232,7172,2312,267,2202,7324,2342
"Moški","Kanal",63,387,1764,243,57,386,1737,269,48,394,1724,272,40,401,1665,302,35,395,1648,306,30,388,1605,329,26,371,1586,336,28,356,1571,340,34,335,1584,339
"Moški","Kidričevo",124,572,1779,284,115,541,1804,307,108,529,1805,311,101,515,1804,332,93,496,1778,352,88,479,1757,370,83,460,1752,378,74,455,1781,383,69,439,1779,401
"Moški","Kobarid",90,405,1092,216,86,393,1104,225,83,381,1102,241,71,365,1090,263,68,340,1087,273,62,340,1081,277,52,333,1066,293,49,317,1070,300,48,306,1073,312
"Moški","Kobilje",5,70,149,29,6,75,146,30,5,70,145,25,5,66,140,29,5,65,142,31,5,62,147,31,5,59,146,32,5,58,149,33,5,55,148,30
"Moški","Kočevje",375,1585,4360,719,356,1518,4333,774,319,1463,4352,784,304,1445,4262,800,287,1388,4257,821,274,1328,4274,845,259,1323,4252,852,256,1297,4191,874,237,1259,4230,884
"Moški","Komen",45,273,978,194,37,251,1009,216,34,261,1003,220,29,252,993,248,27,247,997,256,26,241,979,262,26,231,988,276,25,224,990,283,24,215,985,299
"Moški","Komenda",40,369,1388,368,36,382,1422,412,35,378,1426,421,37,376,1444,451,35,372,1453,472,35,364,1478,493,37,366,1478,529,33,370,1483,556,39,366,1522,567
"Moški","Koper/Capodistria",868,5048,13012,3745,807,4829,13089,3949,742,4762,13181,4030,713,4713,13242,4252,635,4273,12519,3985,600,4140,12561,4100,568,3987,12593,4255,534,3914,12821,4364,513,3707,13222,4464
"Moški","Kostanjevica na Krki",77,204,622,99,74,200,635,108,69,203,638,111,64,194,639,123,64,192,635,138,57,186,639,139,53,169,643,146,51,180,651,145,51,176,660,148
"Moški","Kostel",15,55,198,39,13,49,198,37,12,48,198,40,10,45,203,42,10,44,203,44,9,53,197,41,7,52,190,50,7,49,190,51,8,43,191,50
"Moški","Kozje",110,445,737,92,102,420,757,101,95,415,757,106,87,403,741,115,82,374,748,122,76,358,759,131,72,356,765,144,67,341,768,141,64,329,784,146
"Moški","Kranj",524,4633,13492,4322,509,4434,13562,4545,452,4381,13601,4595,435,4344,13432,4786,418,4232,13509,4951,398,4123,13609,5043,371,4002,13461,5242,347,3989,13425,5282,342,3972,13612,5390
"Moški","Kranjska Gora",39,341,1508,419,38,322,1494,453,37,298,1496,446,35,305,1489,478,35,306,1466,483,31,286,1467,492,29,280,1458,518,27,270,1460,519,22,265,1464,530
"Moški","Križevci",120,454,922,147,122,443,942,154,121,438,942,166,117,413,937,179,116,410,955,183,111,394,948,188,109,382,941,200,100,358,942,207,95,347,955,210
"Moški","Krško",584,2659,6699,1322,549,2518,6706,1448,497,2479,6889,1487,467,2425,6822,1552,441,2311,6835,1595,421,2209,6875,1654,410,2147,6777,1724,389,2078,6867,1765,407,2011,7068,1763
"Moški","Kungota",82,468,1254,224,77,459,1274,242,64,444,1295,252,61,432,1283,268,60,422,1294,287,53,397,1301,296,53,391,1314,320,53,378,1326,334,53,356,1325,346
"Moški","Kuzma",45,224,325,33,43,228,337,42,35,211,346,43,31,216,344,48,37,223,348,53,36,210,348,51,35,209,339,58,33,202,338,53,31,208,339,59
"Moški","Laško",371,1549,3270,512,349,1465,3297,557,323,1400,3333,571,318,1351,3329,606,299,1327,3324,642,277,1285,3322,675,258,1258,3331,704,235,1248,3332,735,222,1193,3378,748
"Moški","Lenart",205,779,2120,396,187,732,2115,433,161,716,2093,467,167,710,2103,479,153,685,2127,507,159,684,2131,515,147,680,2110,543,141,664,2120,555,130,653,2244,559
"Moški","Lendava/Lendva",97,1089,2904,615,98,1067,2914,661,90,1000,2884,659,94,962,2878,680,106,919,2872,702,89,894,2900,716,83,851,2892,754,79,814,2876,743,74,783,2919,754
"Moški","Litija",192,1513,3881,651,181,1482,3896,701,176,1497,3924,731,165,1494,3879,800,155,1436,3918,825,150,1365,3947,885,145,1334,3983,913,147,1301,4005,957,144,1241,4061,996
"Moški","Ljubljana",1690,20403,64515,29007,1481,19133,64086,30490,1374,18511,64444,31389,1363,18246,64208,32734,1339,17799,64185,33754,1280,17299,64200,34802,1253,16808,63544,36420,1239,16237,63712,37107,1294,15885,64935,38109
"Moški","Ljubno",91,278,631,102,85,270,649,110,79,270,657,114,73,261,655,123,69,257,651,121,67,252,665,129,61,237,672,138,56,236,653,146,54,212,671,148
"Moški","Ljutomer",186,1288,2914,565,170,1226,2947,598,157,1191,2985,598,157,1154,2961,624,147,1115,2972,642,144,1086,2990,660,145,1044,2963,686,141,1037,2971,700,137,986,2989,706
"Moški","Log - Dragomer",13,217,898,378,13,214,914,392,10,213,919,409,9,204,902,420,8,204,890,430,7,198,876,430,7,202,883,448,6,202,866,460,17,203,879,466
"Moški","Logatec",179,1278,3170,816,163,1239,3242,897,144,1255,3319,924,130,1269,3271,983,122,1240,3287,1011,121,1160,3298,1057,116,1130,3291,1098,112,1118,3350,1118,112,1073,3436,1166
"Moški","Loška dolina",79,425,970,217,75,414,964,238,67,411,960,242,67,404,969,241,76,395,990,243,66,383,1006,250,69,374,994,257,54,337,973,256,48,352,988,257
"Moški","Loški Potok",49,273,473,60,44,254,492,65,41,242,494,66,38,214,507,72,36,207,503,75,33,204,500,83,33,192,511,85,33,189,504,84,36,178,505,86
"Moški","Lovrenc na Pohorju",71,351,798,115,66,341,813,128,60,336,805,135,59,332,809,149,56,310,814,154,52,293,820,163,50,282,824,177,47,278,818,184,41,265,824,184
"Moški","Luče",79,182,351,45,75,180,348,47,68,165,363,45,65,164,351,54,62,161,359,55,59,165,352,60,56,164,349,68,53,164,348,67,53,155,367,65
"Moški","Lukovica",101,537,1427,207,94,536,1422,227,89,533,1426,245,81,539,1438,255,75,545,1457,272,72,536,1454,294,68,518,1464,327,62,497,1487,333,60,468,1536,343
"Moški","Majšperk",124,398,1071,163,116,371,1055,189,112,346,1060,190,104,329,1048,210,95,329,1044,216,88,319,1086,219,86,314,1092,246,81,309,1119,242,83,299,1155,254
"Moški","Makole",62,248,527,67,57,231,536,76,52,230,534,76,47,228,524,81,46,216,540,94,44,217,537,85,43,209,534,92,39,204,541,99,31,201,545,106
"Moški","Maribor",965,7537,30233,9116,840,7026,30286,9730,732,6728,30349,10001,668,6559,30382,10510,655,6302,30626,10710,618,6049,30416,10978,608,5823,29699,11223,597,5635,29641,11359,616,5556,30331,11578
"Moški","Markovci",64,378,1110,135,62,347,1131,150,61,319,1162,154,57,322,1117,166,47,301,1121,182,44,290,1135,198,42,270,1140,211,40,260,1137,223,42,230,1144,238
"Moški","Medvode",118,1088,4065,1210,110,1036,4034,1295,98,1063,4030,1329,99,1052,3998,1367,91,1057,3988,1436,93,1031,3962,1488,94,990,3988,1614,93,968,4005,1652,92,927,4066,1741
"Moški","Mengeš",62,503,1879,487,58,509,1864,511,54,498,1880,537,57,512,1856,571,50,496,1847,591,53,480,1858,601,52,481,1860,636,54,468,1894,671,55,465,1947,710
"Moški","Metlika",200,789,2172,397,186,764,2180,440,169,786,2194,449,166,785,2166,481,148,768,2191,490,142,747,2198,503,142,714,2194,531,139,689,2220,547,136,652,2288,545
"Moški","Mežica",61,298,1073,183,54,278,1077,184,47,275,1078,185,43,244,1084,195,41,241,1101,199,42,223,1108,206,39,221,1107,209,36,224,1094,207,34,224,1115,220
"Moški","Miklavž na Dravskem polju",48,414,1868,348,44,396,1890,378,37,366,1901,393,38,361,1889,422,31,361,1869,433,27,355,1894,447,25,348,1907,477,25,348,1905,489,28,333,2022,509
"Moški","Miren - Kostanjevica",34,428,1348,259,32,415,1330,289,29,401,1342,305,30,402,1321,320,26,395,1327,332,28,381,1318,355,31,363,1315,380,28,342,1328,377,27,324,1371,391
"Moški","Mirna",-,-,-,-,44,195,706,157,43,192,690,167,42,198,665,171,42,185,665,177,38,177,661,188,38,172,664,192,37,174,679,204,34,165,712,205
"Moški","Mirna Peč",86,270,695,122,80,263,702,142,72,254,719,144,67,246,727,160,64,238,731,171,61,245,730,190,59,239,729,204,58,237,733,208,55,212,739,219
"Moški","Mislinja",108,475,1202,235,102,441,1203,255,94,441,1221,266,87,429,1209,280,82,403,1215,290,76,395,1193,306,71,377,1189,320,67,357,1192,328,66,333,1212,337
"Moški","Mokronog - Trebelno",105,309,703,107,98,298,728,116,82,301,737,129,81,285,763,138,77,285,769,147,72,279,774,159,64,271,784,166,60,273,781,162,53,266,794,176
"Moški","Moravče",76,535,1221,198,72,519,1232,228,70,512,1247,243,66,500,1256,258,63,496,1264,280,57,483,1286,287,55,484,1291,310,55,473,1306,314,54,442,1347,337
"Moški","Moravske Toplice",70,847,1409,267,68,795,1420,300,60,767,1416,292,53,736,1416,328,50,702,1427,353,45,692,1419,372,46,663,1406,395,45,629,1434,406,46,605,1431,416
"Moški","Mozirje",71,435,937,253,65,411,953,261,58,409,974,254,56,402,995,276,52,393,973,291,47,374,933,306,41,354,959,328,42,336,963,337,39,320,974,350
"Moški","Murska Sobota",210,1592,4579,1509,187,1512,4623,1565,149,1480,4641,1591,143,1427,4553,1636,138,1389,4576,1675,140,1352,4549,1709,126,1316,4496,1747,129,1307,4467,1736,122,1281,4491,1766
"Moški","Muta",117,324,929,142,111,315,920,151,97,326,913,159,96,314,900,175,89,310,883,177,83,305,895,179,81,297,884,198,79,294,892,205,73,276,900,212
"Moški","Naklo",34,399,1356,383,34,387,1346,402,26,393,1345,423,26,384,1310,453,23,384,1302,456,24,373,1306,474,22,376,1330,488,23,362,1340,491,23,375,1378,500
"Moški","Nazarje",32,277,682,107,30,280,685,121,28,286,691,132,25,285,685,137,23,281,692,147,23,265,701,147,21,261,694,155,22,234,711,160,23,229,711,165
"Moški","Nova Gorica",304,2956,7858,2588,286,2772,7755,2706,268,2733,7684,2731,286,2681,7617,2770,271,2662,7583,2809,255,2590,7608,2883,247,2538,7587,2946,224,2460,7629,2972,234,2413,7845,3006
"Moški","Novo mesto",683,3276,8603,2716,649,3067,8603,2850,575,2918,8630,2891,538,2830,8543,3060,502,2729,8527,3159,490,2650,8538,3286,473,2589,8503,3397,452,2525,8519,3441,425,2432,8953,3498
"Moški","Odranci",25,283,374,49,24,257,380,53,22,250,375,53,21,246,372,57,18,235,390,58,17,225,387,59,16,212,390,63,15,202,397,64,15,196,406,71
"Moški","Oplotnica",84,417,1049,140,80,415,1064,159,69,415,1080,161,65,394,1104,176,62,377,1112,186,61,374,1099,211,58,369,1105,229,57,357,1111,241,58,345,1108,251
"Moški","Ormož",278,1299,3343,453,266,1217,3351,485,246,1178,3360,522,228,1118,3374,562,217,1076,3400,606,209,1031,3406,622,197,986,3364,660,178,966,3357,669,163,900,3350,674
"Moški","Osilnica",17,42,123,15,16,43,130,15,13,40,134,12,12,38,129,14,12,36,125,12,12,31,121,13,11,31,126,13,9,32,125,15,10,29,125,15
"Moški","Pesnica",124,839,2017,283,110,792,2035,303,104,783,2050,317,108,767,2036,340,103,742,2062,354,97,707,2035,367,102,707,2018,396,93,664,2097,409,83,630,2103,425
"Moški","Piran/Pirano",203,1363,4519,1592,184,1248,4483,1682,181,1293,4581,1698,179,1224,4506,1755,163,1192,4563,1793,150,1142,4578,1821,149,1091,4530,1896,139,1065,4429,1920,126,1025,4499,1952
"Moški","Pivka",171,603,1519,259,166,587,1534,287,139,597,1548,302,129,580,1533,318,126,573,1560,317,120,570,1583,335,116,557,1578,356,97,567,1578,364,98,576,1643,377
"Moški","Podčetrtek",84,378,796,116,82,377,799,134,79,369,811,135,76,377,808,154,64,370,832,160,62,340,850,172,60,342,850,189,54,344,853,188,54,338,892,203
"Moški","Podlehnik",76,250,472,56,68,231,482,56,63,229,502,55,55,220,502,63,53,203,493,62,49,203,496,69,49,201,564,75,44,201,555,80,41,186,532,78
"Moški","Podvelka",81,355,646,61,74,343,654,65,65,320,655,68,67,304,661,69,63,286,649,78,57,287,639,80,51,270,635,86,52,263,636,90,49,249,648,91
"Moški","Poljčane",93,362,1211,195,90,352,1199,215,88,345,1202,224,80,336,1204,228,76,327,1188,240,71,321,1179,250,69,316,1192,263,68,304,1176,259,70,303,1213,264
"Moški","Polzela",85,577,1456,304,80,550,1463,328,73,534,1468,349,71,528,1464,378,70,515,1463,406,70,508,1471,426,66,474,1490,453,64,446,1498,464,59,424,1548,481
"Moški","Postojna",223,1506,3843,1108,209,1410,3818,1191,186,1418,3782,1211,207,1382,3799,1258,204,1359,3850,1289,202,1314,3923,1293,193,1280,3949,1355,178,1251,3985,1353,137,1189,3995,1387
"Moški","Prebold",51,492,1247,273,50,484,1256,308,48,461,1310,321,43,449,1254,318,39,444,1270,330,38,423,1254,356,34,419,1246,385,34,405,1236,398,40,387,1255,408
"Moški","Preddvor",53,293,841,235,52,283,816,266,46,278,825,285,43,279,823,300,40,271,827,310,39,251,845,309,34,238,853,335,31,226,856,343,30,235,867,358
"Moški","Prevalje",137,570,1875,334,131,525,1891,349,117,525,1900,349,115,518,1886,363,104,506,1900,381,97,475,1906,396,102,447,1926,399,92,445,1951,417,94,421,1979,425
"Moški","Ptuj",273,1737,6312,1593,255,1587,6311,1702,229,1539,6229,1745,219,1472,6246,1820,209,1414,6286,1848,191,1314,6382,1882,187,1304,6403,1972,182,1255,6394,2022,183,1234,6540,2043
"Moški","Puconci",122,931,1295,203,111,897,1323,228,101,857,1362,232,100,831,1355,248,95,817,1357,252,91,784,1388,273,88,752,1391,286,89,725,1395,286,79,709,1397,294
"Moški","Rače - Fram",71,565,1854,417,67,543,1859,456,62,523,1874,481,59,509,1867,515,58,477,1869,543,55,452,1915,557,56,444,1906,582,48,443,1932,601,44,428,1991,637
"Moški","Radeče",77,452,1188,207,74,421,1196,223,64,427,1195,214,59,406,1164,226,56,397,1153,240,52,385,1156,247,53,368,1140,264,52,358,1122,266,45,324,1141,275
"Moški","Radenci",59,490,1396,313,52,459,1369,320,51,462,1396,329,52,456,1372,351,52,436,1375,344,54,430,1364,354,55,427,1349,374,54,418,1350,389,46,413,1357,381
"Moški","Radlje ob Dravi",163,544,1733,249,159,504,1791,264,158,483,1782,266,154,473,1765,272,145,457,1781,278,136,440,1774,293,123,432,1778,303,119,430,1769,319,118,428,1795,324
"Moški","Radovljica",216,1277,4802,1392,204,1257,4789,1472,196,1233,4783,1496,200,1206,4702,1579,187,1190,4660,1635,171,1175,4681,1677,178,1159,4639,1720,167,1135,4660,1765,155,1109,4690,1828
"Moški","Ravne na Koroškem",207,833,3296,685,194,818,3263,730,185,803,3271,746,178,800,3220,762,163,777,3205,801,152,770,3228,810,144,751,3202,845,137,718,3203,856,133,703,3243,883
"Moški","Razkrižje",27,153,327,58,26,149,336,64,25,139,341,67,22,134,335,68,22,127,349,68,19,124,335,74,17,121,343,77,13,119,343,75,11,121,341,80
"Moški","Rečica ob Savinji",37,245,593,96,35,233,612,102,33,225,613,114,31,232,621,125,28,224,619,133,23,209,638,133,22,201,642,143,18,189,655,138,18,185,681,148
"Moški","Renče - Vogrsko",46,396,1220,263,43,381,1196,284,43,372,1189,294,38,370,1195,313,32,359,1174,321,33,349,1182,328,33,342,1178,337,33,349,1145,339,26,339,1170,354
"Moški","Ribnica",131,909,2455,498,126,830,2489,548,118,810,2504,556,112,810,2510,574,107,747,2521,601,98,719,2523,632,95,698,2536,680,90,687,2537,680,88,681,2579,690
"Moški","Ribnica na Pohorju",50,128,309,41,44,116,310,42,43,118,308,47,40,107,313,46,36,101,312,51,33,103,315,48,29,100,312,50,27,101,304,49,25,95,318,50
"Moški","Rogaška Slatina",187,1153,2851,431,177,1076,2909,478,157,1055,2967,483,142,1026,2924,507,136,1025,2972,537,133,992,2924,559,133,967,2981,601,131,954,3032,596,125,909,3107,633
"Moški","Rogašovci",91,484,686,75,86,466,697,85,81,461,708,87,76,454,709,92,77,432,706,93,79,426,706,95,72,419,705,102,71,396,709,105,72,387,711,107
"Moški","Rogatec",74,356,787,101,67,341,799,108,60,333,817,109,62,330,812,119,63,315,820,121,62,298,828,120,61,290,815,136,59,276,812,146,55,257,859,147
"Moški","Ruše",131,611,2032,416,129,582,2012,423,120,576,2013,430,112,570,1989,453,103,559,1967,460,101,539,1980,480,91,506,1978,494,86,493,1964,497,82,477,1977,510
"Moški","Selnica ob Dravi",101,407,1257,200,96,403,1264,220,94,391,1264,226,91,388,1235,245,91,369,1249,265,86,348,1262,278,83,344,1243,282,82,330,1245,289,75,309,1266,298
"Moški","Semič",139,383,967,151,133,367,984,168,124,353,994,176,115,339,990,187,111,357,975,190,101,331,988,214,98,333,979,230,95,318,991,225,91,320,1008,223
"Moški","Sevnica",480,1761,4655,723,454,1704,4692,786,420,1681,4718,808,412,1631,4704,856,402,1576,4760,886,376,1527,4855,912,358,1451,4866,972,335,1399,4913,985,315,1353,5029,1018
"Moški","Sežana",138,1140,3483,933,127,1131,3503,978,122,1083,3499,984,130,1077,3472,1021,120,1061,3447,1052,119,1018,3437,1082,112,1001,3493,1115,108,951,3524,1132,116,925,3647,1142
"Moški","Slovenj Gradec",283,1544,4235,1002,266,1507,4233,1088,250,1482,4239,1097,237,1461,4240,1155,218,1424,4219,1195,208,1386,4199,1219,198,1325,4167,1293,195,1267,4197,1300,179,1217,4282,1336
"Moški","Slovenska Bistrica",308,2183,6559,1400,279,2158,6610,1546,245,2059,6664,1587,227,2028,6609,1659,231,1950,6649,1684,211,1853,6652,1777,191,1827,6638,1849,191,1810,6646,1873,180,1739,6757,1929
"Moški","Slovenske Konjice",209,1377,3781,686,189,1328,3849,748,164,1297,3889,756,165,1273,3885,808,151,1243,3996,826,146,1182,4055,877,139,1126,4116,940,145,1101,4147,973,138,1065,4235,994
"Moški","Sodražica",46,228,544,136,45,224,543,141,42,215,544,149,41,218,538,154,39,209,528,163,38,198,533,156,38,190,526,167,35,184,515,169,34,176,523,171
"Moški","Solčava",12,60,131,18,11,54,131,21,10,55,125,22,11,54,128,26,9,52,129,26,9,52,131,25,9,46,138,26,9,47,132,28,7,41,133,28
"Moški","Središče ob Dravi",48,190,598,74,48,187,598,81,48,181,594,81,44,184,577,87,39,173,571,83,36,171,568,90,34,157,572,93,30,147,566,93,28,146,585,93
"Moški","Starše",51,285,1186,198,52,272,1165,212,45,278,1158,219,41,273,1149,236,42,260,1133,247,39,255,1136,252,37,246,1127,260,35,235,1117,279,32,224,1127,289
"Moški","Straža",110,308,947,220,99,304,955,248,95,310,972,253,83,314,951,264,79,309,937,272,79,301,958,280,73,305,952,291,68,321,961,303,65,295,1015,315
"Moški","Sveta Ana",55,362,514,51,52,349,529,51,49,334,536,53,50,333,535,62,49,317,536,67,46,301,555,68,42,285,560,71,35,278,561,74,35,265,569,86
"Moški","Sveta Trojica v Slov. goricah",21,254,573,72,20,247,578,82,18,243,580,86,20,228,585,87,18,211,586,89,17,199,593,95,16,186,606,104,15,192,597,110,14,188,606,115
"Moški","Sveti Andraž v Slov. goricah",30,167,298,24,29,159,301,27,29,141,308,24,26,143,314,25,27,141,316,27,28,127,315,34,26,130,309,42,24,118,325,44,23,115,332,47
"Moški","Sveti Jurij ob Ščavnici",70,364,707,68,68,361,710,79,66,345,714,90,66,339,714,100,60,327,726,115,59,312,721,114,55,299,711,119,53,286,714,133,50,275,715,134
"Moški","Sveti Jurij v Slov. goricah",52,295,495,44,49,294,506,54,47,295,513,58,42,286,514,61,38,280,521,69,35,266,527,70,35,262,533,74,32,249,532,80,31,247,547,89
"Moški","Sveti Tomaž",41,288,488,59,38,274,500,69,37,264,505,69,35,259,509,79,32,246,507,80,32,241,508,89,30,222,508,91,28,218,524,90,27,205,533,95
"Moški","Šalovci",24,352,280,27,23,332,282,31,22,322,285,35,21,305,290,39,20,294,294,40,20,282,295,38,20,271,311,42,21,265,316,47,18,253,321,49
"Moški","Šempeter - Vrtojba",38,509,1667,558,40,497,1646,579,36,478,1646,578,37,487,1576,601,36,480,1548,610,29,453,1568,621,26,430,1557,635,28,399,1560,645,25,400,1559,654
"Moški","Šenčur",82,747,2048,569,85,690,2049,627,76,680,2052,643,70,666,2075,657,63,664,2119,679,59,645,2096,705,56,625,2114,732,53,615,2106,754,51,602,2141,763
"Moški","Šentilj",192,891,2197,298,176,854,2272,334,166,834,2306,365,155,805,2296,370,142,786,2290,381,132,771,2270,379,128,751,2297,418,123,740,2432,438,121,702,2384,425
"Moški","Šentjernej",240,693,1632,283,225,688,1672,325,201,669,1709,330,191,638,1738,355,180,622,1748,371,174,598,1736,400,173,591,1760,430,163,564,1745,445,151,536,1790,469
"Moški","Šentjur",387,2019,4591,894,363,1916,4647,973,323,1860,4682,1015,310,1810,4691,1112,293,1762,4726,1149,265,1697,4753,1203,250,1671,4718,1298,244,1629,4745,1315,250,1552,4876,1346
"Moški","Šentrupert",107,415,783,125,104,401,809,124,93,402,850,124,88,433,859,135,80,415,877,155,75,412,894,157,76,391,849,156,72,386,858,169,62,373,931,185
"Moški","Škocjan",147,382,716,82,138,363,718,92,121,353,723,96,113,352,726,113,109,345,734,117,105,329,752,122,101,341,750,135,98,331,751,146,96,319,784,147
"Moški","Škofja Loka",255,1732,5655,1616,237,1685,5652,1723,220,1712,5620,1760,207,1677,5592,1828,202,1626,5601,1884,191,1579,5600,1942,179,1551,5570,2037,174,1526,5545,2071,165,1477,5658,2098
"Moški","Škofljica",76,622,2334,709,73,601,2341,790,65,592,2384,856,73,606,2360,928,70,598,2420,990,71,611,2506,1049,72,600,2579,1112,77,598,2630,1146,87,591,2610,1190
"Moški","Šmarje pri Jelšah",253,1165,2358,403,240,1114,2388,448,218,1071,2421,464,204,1051,2418,485,197,1024,2449,500,184,995,2507,520,179,977,2497,550,166,961,2528,571,157,909,2591,596
"Moški","Šmarješke Toplice",79,305,809,145,78,294,771,158,70,283,814,163,67,272,828,185,63,281,817,197,59,263,831,193,55,252,835,217,54,250,828,241,50,239,876,244
"Moški","Šmartno ob Paki",31,271,894,152,25,260,903,177,25,260,896,191,21,252,882,203,19,237,890,212,18,223,897,222,15,210,877,235,16,203,900,233,14,192,914,247
"Moški","Šmartno pri Litiji",124,555,1396,206,121,558,1390,236,112,558,1411,249,102,547,1400,269,101,540,1397,280,99,514,1434,284,91,508,1428,302,83,503,1435,312,77,480,1484,330
"Moški","Šoštanj",150,799,2469,360,141,776,2542,411,130,713,2531,435,125,719,2580,460,109,693,2527,474,106,649,2510,495,101,632,2472,531,98,622,2442,527,107,604,2476,542
"Moški","Štore",72,518,1088,181,68,494,1121,204,58,475,1123,202,57,456,1112,209,54,441,1110,217,54,414,1114,220,46,397,1136,222,39,389,1156,236,41,390,1446,250
"Moški","Tabor",20,189,403,81,17,182,403,88,16,166,400,99,16,167,390,115,16,165,401,118,16,158,402,120,14,153,406,124,13,154,403,139,12,143,412,140
"Moški","Tišina",78,563,970,141,71,545,981,156,64,540,976,163,58,532,973,173,54,519,967,187,51,501,967,194,51,490,975,200,48,465,989,194,44,464,990,198
"Moški","Tolmin",255,1164,2886,699,238,1131,2902,740,221,1107,2902,747,208,1082,2875,779,192,1082,2872,786,181,1054,2859,817,176,1016,2840,866,160,964,2849,880,150,935,2876,875
"Moški","Trbovlje",217,1518,4609,1001,202,1452,4585,1023,181,1419,4574,1022,167,1363,4489,1033,159,1331,4387,1061,146,1272,4380,1091,135,1196,4372,1138,130,1160,4328,1145,120,1115,4356,1172
"Moški","Trebnje",366,1392,3803,754,306,1106,3083,658,280,1053,3129,691,266,1023,3106,737,254,1007,3116,784,240,1012,3137,825,225,996,3191,890,211,987,3255,918,205,981,3367,958
"Moški","Trnovska vas",36,179,324,31,35,175,330,35,29,170,335,36,28,161,338,42,25,140,342,43,23,134,358,47,20,131,367,53,19,126,357,61,18,125,354,62
"Moški","Trzin",12,192,882,455,14,176,863,472,12,174,870,487,14,189,824,496,18,184,823,509,13,191,819,520,12,188,808,543,12,188,803,542,13,186,823,556
"Moški","Tržič",223,1572,3815,813,215,1507,3829,874,198,1461,3821,897,182,1451,3781,958,173,1389,3779,993,165,1314,3787,996,153,1274,3785,1032,144,1234,3786,1036,140,1222,3866,1066
"Moški","Turnišče",44,445,801,123,42,423,827,134,37,404,828,138,38,370,838,143,38,358,844,139,35,343,847,149,34,334,835,158,34,328,819,173,33,316,819,176
"Moški","Velenje",278,2622,9534,1878,249,2405,9662,2024,223,2335,9701,2060,219,2338,9636,2175,200,2259,9422,2256,186,2166,9340,2335,220,2107,9297,2422,210,2060,9381,2450,242,2046,9615,2497
"Moški","Velika Polana",21,228,324,49,22,217,327,61,21,206,334,64,15,199,338,66,16,194,335,66,14,185,350,69,18,183,350,72,17,175,362,73,15,167,366,77
"Moški","Velike Lašče",76,389,1075,239,75,362,1096,255,67,351,1112,264,61,332,1097,279,58,315,1078,289,54,308,1121,305,52,295,1096,332,49,292,1087,348,46,292,1109,358
"Moški","Veržej",11,108,349,68,16,114,352,64,9,108,353,67,11,105,353,67,11,98,358,68,10,94,361,72,11,91,365,74,9,88,350,82,10,94,340,79
"Moški","Videm",168,620,1508,175,160,563,1546,205,142,562,1558,208,130,540,1572,230,115,522,1575,232,110,493,1585,251,112,474,1623,267,111,473,1660,276,104,442,1718,285
"Moški","Vipava",43,554,1309,334,50,547,1349,377,39,512,1347,400,43,514,1333,416,43,511,1344,429,44,498,1332,455,53,482,1322,478,48,451,1321,502,51,410,1355,512
"Moški","Vitanje",93,288,541,69,91,285,544,74,78,293,543,74,75,287,532,85,73,291,535,90,68,293,544,91,63,284,546,92,64,262,562,99,61,270,567,105
"Moški","Vodice",26,370,1147,309,25,363,1155,341,19,366,1179,353,16,374,1183,376,13,351,1167,399,10,321,1181,425,9,300,1198,452,8,294,1229,456,9,296,1262,489
"Moški","Vojnik",185,764,2150,396,173,738,2172,425,166,717,2199,446,156,706,2182,501,154,672,2236,524,147,655,2221,551,137,624,2231,596,125,609,2246,623,128,603,2322,633
"Moški","Vransko",66,281,593,100,63,281,606,108,61,286,617,107,56,278,615,113,55,270,631,118,53,263,639,130,53,250,640,137,52,234,642,152,51,216,657,165
"Moški","Vrhnika",160,1450,4049,1067,147,1389,4085,1151,132,1364,4142,1175,128,1324,4118,1236,122,1329,4133,1283,120,1295,4139,1320,122,1255,4126,1404,119,1218,4147,1451,114,1178,4289,1494
"Moški","Vuzenica",88,220,748,111,85,208,745,120,84,211,763,126,78,212,746,137,76,204,758,142,71,198,746,141,66,196,727,151,65,188,740,152,59,171,759,149
"Moški","Zagorje ob Savi",296,1485,4487,831,284,1411,4505,885,251,1366,4509,904,235,1376,4433,961,222,1325,4403,990,205,1293,4394,1014,197,1231,4394,1068,182,1184,4396,1097,168,1126,4424,1116
"Moški","Zavrč",44,206,477,17,41,195,541,20,42,187,632,23,35,192,710,22,30,175,694,23,26,158,717,26,27,148,821,32,25,131,799,38,24,112,589,35
"Moški","Zreče",144,672,1658,285,139,669,1651,312,119,656,1669,314,109,614,1665,338,104,603,1686,348,98,579,1695,363,93,576,1704,387,92,586,1712,391,88,577,1750,403
"Moški","Žalec",342,1933,5605,1247,314,1853,5622,1335,283,1836,5627,1338,259,1824,5544,1403,251,1733,5575,1448,240,1692,5557,1518,230,1634,5595,1546,221,1583,5583,1592,214,1536,5730,1615
"Moški","Železniki",168,555,1722,375,160,524,1720,423,145,540,1701,438,141,531,1693,460,128,513,1700,475,120,513,1700,493,115,498,1691,519,110,487,1695,525,106,448,1706,556
"Moški","Žetale",66,186,300,42,62,183,323,47,58,179,312,48,58,172,313,54,56,161,314,57,52,156,314,62,48,157,308,73,45,150,312,72,43,141,328,75
"Moški","Žiri",54,381,1268,295,45,353,1276,313,42,340,1269,325,41,345,1229,329,41,342,1244,337,40,338,1248,349,36,334,1225,369,37,328,1247,376,35,317,1270,378
"Moški","Žirovnica",36,259,1183,361,34,247,1183,389,34,246,1183,392,31,245,1161,406,29,244,1135,419,30,239,1122,431,23,236,1120,450,23,225,1134,461,19,211,1141,460
"Moški","Žužemberk",168,569,1042,151,150,542,1085,176,128,522,1109,183,116,482,1138,199,109,464,1139,208,106,434,1171,227,101,420,1160,248,92,416,1182,253,84,397,1202,262
"Ženske","Ajdovščina",326,2845,3219,1482,311,2791,3203,1621,285,2736,3227,1654,267,2678,3106,1766,255,2645,3099,1859,252,2576,3089,1962,240,2521,3042,2064,230,2456,3064,2112,205,2380,3088,2177
"Ženske","Ankaran/Ancarano",-,-,-,-,-,-,-,-,-,-,-,-,-,-,-,-,54,296,678,402,50,288,680,427,44,282,665,446,44,274,649,465,44,252,669,475
"Ženske","Apače",98,664,704,142,91,642,695,156,89,612,710,162,79,605,702,189,71,582,711,194,68,565,709,210,66,549,693,232,63,543,696,237,56,535,687,245
"Ženske","Beltinci",124,1489,1590,433,117,1447,1573,484,113,1407,1582,506,102,1386,1567,557,94,1317,1583,573,88,1288,1601,597,89,1234,1593,647,84,1196,1584,671,78,1177,1574,672
"Ženske","Benedikt",72,358,416,103,67,351,444,123,67,357,429,134,62,347,440,150,60,335,447,162,56,329,467,175,53,314,474,181,52,307,476,190,44,298,496,199
"Ženske","Bistrica ob Sotli",35,252,237,95,33,251,228,101,32,244,229,97,28,240,226,102,26,238,220,109,23,221,221,116,22,228,212,127,17,225,221,125,18,213,222,123
"Ženske","Bled",101,758,1904,864,98,736,1870,925,99,727,1849,967,91,693,1829,1019,83,697,1814,1037,81,661,1787,1056,78,635,1723,1114,73,605,1681,1151,68,581,1674,1173
"Ženske","Bloke",57,216,274,110,52,219,266,123,46,220,258,129,41,212,245,142,36,194,249,143,34,190,253,149,35,177,252,149,31,174,254,160,30,170,261,163
"Ženske","Bohinj",123,601,1223,356,116,576,1210,367,112,567,1198,390,102,548,1172,433,96,522,1166,462,90,509,1163,475,82,500,1151,510,77,482,1119,525,68,461,1130,544
"Ženske","Borovnica",58,497,835,300,57,507,799,345,51,490,801,359,50,485,814,408,47,465,829,441,44,447,835,460,41,445,828,503,44,429,818,524,42,427,835,537
"Ženske","Bovec",163,496,614,192,151,474,603,218,145,460,624,211,137,440,598,229,131,417,611,236,125,411,611,252,113,399,593,272,100,393,610,268,94,384,597,291
"Ženske","Braslovče",79,694,1091,411,76,687,1095,456,71,676,1104,480,70,661,1051,537,65,638,1038,569,65,627,1039,591,61,593,1027,653,56,582,1015,653,51,562,1017,670
"Ženske","Brda",237,695,1197,395,228,681,1188,424,218,685,1187,441,209,674,1150,480,199,657,1120,509,189,639,1111,546,176,624,1094,565,154,609,1092,589,142,576,1087,606
"Ženske","Brezovica",116,1155,2313,1078,111,1136,2339,1203,113,1102,2380,1265,112,1108,2331,1390,105,1077,2336,1451,101,1075,2313,1517,100,1079,2262,1597,92,1043,2259,1664,84,1040,2281,1728
"Ženske","Brežice",782,3048,5119,1823,740,2948,5087,1950,716,2907,5101,2007,671,2838,5006,2124,632,2783,4961,2261,615,2732,4968,2344,587,2644,4926,2455,551,2597,4912,2520,513,2491,4932,2570
"Ženske","Cankova",40,402,332,74,38,387,328,90,37,378,336,95,36,355,336,98,37,336,343,104,33,327,344,107,32,312,338,124,28,297,327,129,26,300,325,131
"Ženske","Celje",830,5143,10671,4892,794,5011,10562,5190,756,4922,10453,5306,737,4840,10217,5555,722,4741,10071,5678,700,4705,9980,5869,677,4603,9815,6160,653,4450,9739,6262,648,4344,9725,6385
"Ženske","Cerklje na Gorenjskem",186,855,1380,512,181,846,1372,586,173,845,1357,625,171,817,1338,685,163,824,1327,722,163,815,1362,774,159,808,1365,842,150,801,1373,864,140,754,1395,886
"Ženske","Cerknica",265,1343,2199,922,263,1319,2187,986,248,1303,2181,1018,243,1275,2110,1112,228,1273,2115,1160,216,1240,2119,1213,200,1172,2107,1290,189,1145,2107,1322,175,1100,2115,1385
"Ženske","Cerkno",235,755,748,291,223,749,742,309,210,738,738,326,193,716,715,362,181,675,715,387,165,671,706,395,153,654,706,402,144,629,709,420,129,633,707,433
"Ženske","Cerkvenjak",62,423,300,67,60,410,305,78,56,398,312,88,52,372,314,104,50,353,330,111,44,342,336,121,42,338,346,120,40,329,335,130,40,311,337,135
"Ženske","Cirkulane",98,399,396,84,96,385,408,89,91,374,412,94,86,376,411,102,81,356,417,111,76,349,412,107,75,335,425,119,72,320,426,114,70,305,441,118
"Ženske","črenšovci",53,781,677,224,52,771,684,245,51,747,677,235,50,733,669,251,49,721,671,264,48,688,693,272,45,663,692,295,46,645,693,289,47,627,699,301
"Ženske","črna na Koroškem",216,477,639,201,214,452,642,211,202,441,640,206,192,406,643,214,185,396,646,213,172,395,631,231,168,394,618,246,164,397,619,252,149,387,625,254
"Ženske","črnomelj",627,2066,2644,969,595,2026,2658,1046,570,1983,2646,1079,538,1931,2570,1138,521,1885,2605,1176,495,1813,2571,1209,489,1790,2558,1279,460,1757,2547,1288,438,1700,2554,1317
"Ženske","Destrnik",132,391,472,140,129,391,480,142,119,371,477,147,117,364,465,174,114,348,462,179,111,324,462,186,105,313,475,188,102,307,477,202,97,302,484,201
"Ženske","Divača",106,501,720,295,102,496,727,321,88,491,721,333,87,479,717,366,86,456,724,376,85,455,713,387,79,432,715,433,75,406,748,447,78,398,761,465
"Ženske","Dobje",29,190,145,51,25,183,145,61,22,177,147,64,21,167,156,69,20,164,162,78,19,157,166,77,15,153,162,77,14,154,166,82,12,140,168,83
"Ženske","Dobrepolje",129,501,746,247,130,492,737,276,114,496,744,280,106,486,759,292,105,477,753,304,101,474,730,328,92,441,717,344,88,440,709,357,76,419,725,358
"Ženske","Dobrna",68,277,450,126,61,273,446,143,59,270,443,150,58,265,439,169,54,259,425,171,55,247,432,186,52,245,432,198,49,237,433,202,48,227,433,210
"Ženske","Dobrova - Polhov Gradec",174,817,1390,651,167,787,1389,740,159,765,1407,785,149,743,1379,827,140,736,1380,862,132,718,1369,895,118,700,1359,956,117,688,1367,977,114,689,1368,998
"Ženske","Dobrovnik/Dobronak",19,274,251,68,17,271,250,75,17,259,239,78,14,247,230,85,15,235,225,90,15,234,230,92,11,231,227,93,10,231,230,102,10,224,235,101
"Ženske","Dol pri Ljubljani",90,522,1120,524,89,496,1125,562,86,498,1119,611,87,489,1117,670,82,491,1102,713,81,493,1078,764,73,494,1078,785,66,487,1085,810,63,473,1122,871
"Ženske","Dolenjske Toplice",114,449,660,250,111,435,646,272,102,423,653,285,100,400,638,316,93,383,640,323,93,374,649,330,86,374,650,349,82,362,640,373,79,352,634,384
"Ženske","Domžale",524,3655,7024,3290,500,3591,6960,3574,472,3565,6946,3710,454,3485,6868,3958,444,3438,6873,4149,415,3385,6872,4312,394,3357,6767,4607,377,3277,6808,4744,361,3239,6835,4942
"Ženske","Dornava",142,425,551,135,138,416,562,148,128,403,553,153,123,391,532,184,120,389,541,191,115,372,529,199,114,365,538,206,109,359,548,209,102,339,542,224
"Ženske","Dravograd",289,1153,1799,587,274,1130,1818,635,264,1114,1799,645,252,1102,1775,669,248,1079,1769,692,239,1076,1769,723,220,1036,1770,769,205,1009,1777,777,199,948,1797,795
"Ženske","Duplek",119,875,1516,397,115,848,1516,439,110,837,1494,476,106,846,1457,517,104,839,1468,535,100,794,1456,566,96,763,1489,625,92,754,1494,650,93,716,1513,670
"Ženske","Gorenja vas - Poljane",312,828,1287,475,296,813,1272,526,283,808,1266,542,269,798,1245,584,257,803,1245,605,250,778,1257,645,232,763,1276,681,213,751,1281,716,204,714,1294,731
"Ženske","Gorišnica",101,578,840,204,108,557,844,232,97,543,839,242,97,528,834,264,90,518,817,291,88,503,813,312,86,492,820,331,83,479,823,342,80,456,831,349
"Ženske","Gorje",54,306,694,212,50,299,677,222,45,294,666,221,43,273,664,245,39,270,633,259,37,258,626,272,38,252,610,286,35,247,601,291,34,242,596,292
"Ženske","Gornja Radgona",183,1358,1759,549,176,1297,1772,603,170,1263,1764,606,168,1232,1725,643,164,1190,1726,683,154,1175,1719,701,146,1147,1686,759,139,1113,1694,765,136,1073,1719,780
"Ženske","Gornji Grad",90,446,514,141,93,432,506,147,81,418,506,156,75,404,491,170,74,386,486,167,70,368,484,168,67,375,470,186,69,362,476,199,68,333,489,211
"Ženske","Gornji Petrovci",35,569,320,96,33,551,320,105,31,527,325,109,27,512,316,115,27,496,319,115,25,472,329,122,26,458,344,128,23,434,338,133,22,416,341,124
"Ženske","Grad",52,523,355,67,47,515,353,78,50,500,351,81,45,493,347,92,43,482,352,101,42,470,357,106,37,452,347,107,34,449,352,107,34,421,352,113
"Ženske","Grosuplje",318,1929,3793,1855,306,1916,3774,1999,280,1866,3813,2085,271,1810,3761,2219,267,1780,3754,2319,256,1763,3732,2410,235,1749,3672,2538,221,1749,3661,2614,219,1743,3643,2711
"Ženske","Hajdina",94,446,854,271,86,429,832,294,81,410,833,302,77,415,802,322,72,396,808,337,70,376,803,351,66,391,790,369,63,377,799,378,58,361,788,397
"Ženske","Hoče - Slivnica",219,1145,2397,930,212,1141,2385,1006,197,1121,2405,1044,183,1092,2391,1116,167,1086,2336,1175,157,1047,2347,1215,149,1055,2319,1268,141,993,2333,1296,132,957,2322,1353
"Ženske","Hodoš/Hodos",5,87,43,10,23,94,55,9,17,99,53,9,18,92,52,11,21,93,49,9,20,89,52,12,19,87,53,12,17,86,52,12,16,83,50,10
"Ženske","Horjul",59,364,578,215,62,356,558,237,54,352,562,250,55,345,554,268,49,336,554,299,48,335,565,317,42,332,561,320,40,325,564,328,37,314,567,337
"Ženske","Hrastnik",418,1515,2017,601,401,1452,1988,652,379,1402,1927,683,358,1384,1878,712,339,1338,1853,735,318,1299,1819,754,299,1261,1817,786,287,1232,1814,796,267,1187,1828,814
"Ženske","Hrpelje - Kozina",180,543,805,264,169,537,807,304,156,539,814,329,140,527,801,334,139,531,800,360,127,533,806,398,119,518,805,418,108,510,804,437,99,504,816,453
"Ženske","Idrija",432,1680,2056,968,416,1657,2033,1030,395,1627,2027,1053,366,1643,1950,1117,348,1618,1950,1154,324,1592,1958,1195,307,1559,1904,1259,302,1525,1924,1272,284,1463,1942,1282
"Ženske","Ig",142,740,1364,576,138,717,1395,626,138,710,1424,656,130,684,1392,716,131,690,1396,744,124,691,1379,786,123,700,1385,828,112,700,1364,871,105,671,1391,900
"Ženske","Ilirska Bistrica",616,1907,2572,993,582,1850,2556,1078,541,1833,2545,1116,513,1794,2501,1165,467,1780,2493,1196,436,1751,2478,1232,397,1716,2450,1277,361,1659,2431,1302,336,1598,2429,1333
"Ženske","Ivančna Gorica",448,1733,3057,1180,424,1681,3080,1325,399,1628,3121,1403,379,1605,3097,1500,349,1570,3080,1624,332,1516,3104,1663,319,1481,3079,1794,298,1436,3070,1877,284,1410,3071,1965
"Ženske","Izola/Isola",567,1840,3165,1342,571,1805,3166,1475,551,1751,3142,1535,521,1743,3081,1637,500,1709,3110,1680,481,1670,3144,1741,458,1649,3118,1816,446,1628,3096,1868,421,1624,3134,1927
"Ženske","Jesenice",657,2935,4623,1179,630,2836,4569,1276,598,2812,4577,1295,564,2792,4514,1368,543,2712,4415,1437,517,2628,4410,1463,497,2529,4419,1509,477,2502,4391,1569,454,2452,4426,1604
"Ženske","Jezersko",11,69,149,54,10,62,144,54,10,62,143,57,10,69,142,60,9,67,134,65,7,65,134,65,7,61,132,64,7,54,134,65,6,55,137,66
"Ženske","Juršinci",80,447,376,89,77,428,381,100,79,423,390,106,75,408,402,113,77,408,395,115,72,395,397,134,64,393,394,141,61,380,396,146,61,367,404,142
"Ženske","Kamnik",706,3543,5733,2493,676,3428,5673,2670,641,3379,5724,2748,602,3371,5590,2919,567,3288,5594,3026,532,3239,5560,3153,499,3163,5505,3306,473,3149,5474,3397,458,3074,5500,3460
"Ženske","Kanal",110,693,1356,356,102,662,1319,385,94,630,1310,402,93,600,1274,421,87,581,1264,425,83,559,1264,446,76,532,1244,461,71,519,1245,473,70,514,1234,487
"Ženske","Kidričevo",144,938,1497,434,137,912,1469,478,132,898,1459,495,121,857,1413,542,110,839,1385,561,102,787,1381,590,102,760,1360,629,90,727,1374,641,85,695,1392,659
"Ženske","Kobarid",131,686,735,292,119,658,720,312,111,652,721,321,102,633,712,334,96,621,700,355,88,610,718,369,80,589,704,404,73,570,700,428,64,538,715,430
"Ženske","Kobilje",5,125,129,24,4,121,132,27,3,115,125,26,5,105,126,27,5,106,124,30,5,100,117,30,5,99,111,31,5,96,110,30,4,91,106,32
"Ženske","Kočevje",679,2243,3343,1003,672,2201,3291,1100,620,2156,3286,1111,596,2113,3244,1138,556,2046,3217,1175,533,2002,3201,1221,516,1971,3151,1255,498,1930,3134,1272,476,1891,3113,1291
"Ženske","Komen",58,572,618,320,55,563,615,334,51,540,621,332,48,508,619,361,47,492,615,384,46,469,625,386,41,454,620,410,39,443,613,428,36,424,616,434
"Ženske","Komenda",75,531,1058,551,73,544,1054,610,67,536,1057,643,72,536,1058,694,64,517,1065,724,58,510,1061,751,54,515,1029,817,50,501,1045,848,44,490,1079,849
"Ženske","Koper/Capodistria",1936,5680,10903,4640,1826,5617,10817,5031,1735,5522,10810,5220,1657,5570,11193,5606,1498,5247,10246,5302,1421,5135,10248,5504,1360,5093,10245,5772,1274,5078,10297,5932,1189,4923,10424,6116
"Ženske","Kostanjevica na Krki",96,313,472,166,90,306,461,184,87,294,460,194,82,296,436,208,79,300,437,220,71,296,426,228,65,291,422,244,62,281,426,254,62,275,424,263
"Ženske","Kostel",32,86,118,53,30,79,110,55,28,77,121,56,28,74,124,55,28,69,120,59,26,66,119,59,24,63,122,61,23,67,120,66,18,65,124,70
"Ženske","Kozje",103,596,521,175,94,568,520,191,90,544,524,194,88,529,502,207,86,513,509,220,79,502,516,230,79,486,501,243,74,465,513,242,71,443,522,254
"Ženske","Kranj",1094,6031,11612,5237,1060,5966,11364,5725,996,5895,11259,5875,954,5807,11053,6160,927,5700,10997,6346,883,5511,11005,6566,839,5440,10795,6849,790,5351,10704,7002,737,5222,10739,7126
"Ženske","Kranjska Gora",66,527,1317,470,60,511,1314,520,63,494,1317,536,58,472,1325,559,51,440,1327,584,57,415,1310,604,53,413,1274,626,48,388,1251,629,49,390,1233,636
"Ženske","Križevci",127,598,688,187,127,579,690,214,122,550,700,224,121,524,687,238,116,510,681,251,113,487,673,257,109,480,671,270,99,460,672,272,91,461,663,296
"Ženske","Krško",844,3420,4804,1748,815,3317,4740,1932,762,3294,4734,2002,730,3191,4602,2125,700,3128,4633,2206,666,3057,4592,2326,650,3000,4585,2439,615,2945,4560,2477,594,2871,4584,2515
"Ženske","Kungota",124,598,1033,325,117,581,1016,368,109,569,1007,382,105,567,972,423,98,550,978,431,94,515,971,446,90,502,961,472,88,492,955,485,85,478,937,493
"Ženske","Kuzma",58,351,256,51,60,344,258,67,55,326,273,66,51,325,268,73,50,326,262,79,49,324,251,84,49,312,256,92,47,301,252,89,44,306,258,95
"Ženske","Laško",464,1910,2723,881,453,1854,2686,944,424,1821,2661,988,404,1781,2604,1043,389,1748,2572,1102,364,1708,2535,1154,346,1658,2521,1220,331,1625,2509,1246,306,1565,2527,1258
"Ženske","Lenart",215,1118,1627,582,199,1091,1639,642,179,1068,1626,673,180,1041,1627,717,168,991,1630,744,171,983,1654,754,163,944,1623,810,158,946,1646,827,157,922,1682,846
"Ženske","Lendava/Lendva",203,2074,2067,749,196,2033,2038,798,183,1915,2009,809,175,1863,1972,826,168,1803,1978,848,164,1752,1955,890,161,1694,1971,929,159,1657,1956,944,153,1613,1948,963
"Ženske","Litija",426,1857,3024,1031,406,1817,2949,1154,390,1797,2962,1210,381,1798,2904,1297,361,1779,2899,1361,345,1764,2907,1415,318,1722,2886,1514,309,1708,2888,1551,291,1660,2900,1590
"Ženske","Ljubljana",3382,26330,60519,37101,3254,25658,59013,39594,3110,25299,59025,41149,2979,24830,58543,43473,2882,24446,57410,45088,2755,24118,56439,46526,2603,23609,54801,48482,2489,23165,54224,49437,2419,22709,54283,50985
"Ženske","Ljubno",110,380,502,159,107,373,495,176,100,364,491,180,89,356,480,197,88,347,477,207,83,340,475,218,78,327,456,231,72,310,463,234,65,298,460,245
"Ženske","Ljutomer",215,1903,2368,689,204,1851,2331,775,194,1805,2287,801,192,1754,2265,835,188,1696,2272,873,178,1650,2251,915,173,1581,2226,958,170,1534,2233,965,176,1485,2234,987
"Ženske","Log - Dragomer",25,277,777,435,24,256,761,469,19,258,757,473,19,261,735,499,20,253,739,514,18,263,723,524,17,269,710,559,17,255,705,572,16,250,706,588
"Ženske","Logatec",247,1617,2439,1130,231,1576,2438,1255,222,1553,2490,1321,212,1540,2428,1395,207,1522,2424,1465,204,1509,2397,1545,199,1482,2381,1602,197,1450,2402,1659,187,1400,2416,1726
"Ženske","Loška dolina",94,568,674,256,92,562,666,272,86,550,669,277,79,558,667,284,76,543,655,297,72,538,655,310,68,550,650,325,64,539,644,323,62,526,650,328
"Ženske","Loški Potok",40,382,348,85,35,370,340,96,34,349,336,99,31,339,332,105,30,331,337,113,32,314,332,120,32,301,331,128,26,290,332,130,22,277,327,128
"Ženske","Lovrenc na Pohorju",87,435,631,189,86,419,632,202,82,414,618,219,79,401,633,222,76,406,629,230,73,399,612,238,67,380,609,246,65,372,594,246,60,351,590,252
"Ženske","Luče",95,231,271,66,92,221,266,76,86,215,261,85,85,204,257,85,77,192,255,95,75,195,260,106,73,184,259,113,68,185,257,111,62,185,249,114
"Ženske","Lukovica",163,638,1054,331,156,632,1059,396,147,631,1086,405,148,623,1076,449,138,621,1079,466,132,601,1096,498,127,582,1075,542,119,577,1084,561,114,549,1090,584
"Ženske","Majšperk",143,617,763,223,132,598,752,251,130,582,751,256,120,578,718,269,120,570,727,289,114,550,734,305,109,526,734,330,102,510,744,327,95,496,740,348
"Ženske","Makole",87,311,384,113,81,311,387,122,75,298,365,123,73,300,353,135,68,298,357,135,65,291,360,153,65,288,367,149,58,283,369,152,52,276,371,158
"Ženske","Maribor",1689,11680,26539,11313,1611,11353,25875,12141,1499,11104,25620,12575,1441,10866,25239,13409,1391,10635,24926,13826,1345,10279,24561,14191,1310,10002,24013,14697,1245,9778,23721,14979,1205,9565,23782,15316
"Ženske","Markovci",121,632,794,217,116,617,797,232,113,596,806,250,108,581,793,276,104,554,809,290,101,534,805,314,97,513,795,331,93,492,793,333,87,470,804,353
"Ženske","Medvode",295,1636,3233,1564,273,1603,3222,1680,263,1598,3229,1746,264,1535,3176,1845,248,1491,3187,1914,227,1445,3175,2006,232,1400,3157,2140,212,1397,3145,2232,199,1364,3154,2300
"Ženske","Mengeš",138,832,1637,689,135,798,1616,740,134,780,1598,791,127,760,1576,871,115,767,1562,898,109,766,1534,966,103,786,1485,1020,99,769,1504,1081,99,751,1525,1126
"Ženske","Metlika",293,1050,1763,498,288,1035,1722,561,255,1015,1717,574,249,1031,1707,583,234,1016,1709,604,228,980,1697,659,224,963,1679,678,212,943,1686,688,204,918,1689,707
"Ženske","Mežica",112,483,745,247,100,465,738,269,94,459,734,278,90,465,733,293,88,452,733,298,79,451,729,299,78,430,710,316,73,414,706,324,66,400,718,323
"Ženske","Miklavž na Dravskem polju",98,708,1474,488,96,704,1479,547,93,681,1479,573,83,680,1459,610,77,655,1463,629,73,628,1470,666,70,607,1449,709,71,596,1441,710,73,569,1460,749
"Ženske","Miren - Kostanjevica",74,715,942,380,69,707,956,405,65,684,931,423,59,669,919,451,53,659,891,476,50,641,888,493,44,612,880,533,41,619,885,537,37,598,891,559
"Ženske","Mirna",-,-,-,-,72,295,535,222,63,282,545,223,60,283,533,234,58,265,509,251,53,258,494,262,47,255,498,287,47,248,490,298,45,248,493,305
"Ženske","Mirna Peč",90,363,521,188,87,357,537,203,78,341,538,212,74,343,541,235,71,331,523,245,69,320,529,265,63,328,525,277,62,319,538,286,59,315,541,306
"Ženske","Mislinja",138,626,883,313,127,607,874,328,118,591,884,342,111,590,851,373,103,565,869,383,97,564,867,414,91,545,849,435,87,536,875,437,82,514,868,450
"Ženske","Mokronog - Trebelno",129,453,474,177,124,444,484,196,114,442,489,208,111,433,489,234,104,426,488,249,93,411,487,272,84,401,494,284,77,390,493,292,72,380,512,294
"Ženske","Moravče",136,678,949,290,128,662,952,339,123,650,958,353,118,662,942,385,108,656,945,422,105,625,983,441,96,607,996,476,84,599,1018,491,78,589,1027,523
"Ženske","Moravske Toplice",82,1233,1038,288,67,1211,1032,336,65,1169,1044,355,59,1140,1037,377,59,1090,1037,401,53,1054,1046,420,53,1014,1056,448,49,970,1067,477,49,947,1075,471
"Ženske","Mozirje",80,537,782,329,79,533,780,351,71,529,774,359,71,514,751,386,65,493,759,398,62,479,792,421,55,478,762,444,56,478,771,479,54,463,773,499
"Ženske","Murska Sobota",268,2678,4231,1840,245,2644,4176,1933,218,2556,4153,1983,213,2482,4070,2062,203,2411,4030,2109,199,2354,3990,2184,190,2297,3940,2272,178,2249,3939,2288,164,2234,3895,2329
"Ženske","Muta",130,421,706,206,127,410,721,224,121,406,714,224,118,411,690,239,115,399,689,248,110,382,669,268,109,371,671,283,102,348,684,289,98,336,699,298
"Ženske","Naklo",72,538,1146,429,68,536,1137,471,66,551,1134,499,60,532,1105,528,56,534,1100,562,50,504,1101,590,50,481,1099,627,48,480,1097,659,44,474,1077,682
"Ženske","Nazarje",45,405,534,144,46,392,531,158,41,380,529,163,35,361,510,186,32,338,509,198,31,334,510,210,31,316,512,226,29,313,500,245,28,308,517,255
"Ženske","Nova Gorica",639,4159,6241,3096,602,4085,6177,3247,583,3992,6161,3333,554,3920,5992,3446,516,3884,5965,3560,478,3773,5921,3703,465,3689,5851,3857,453,3559,5808,3929,427,3439,5853,3997
"Ženske","Novo mesto",950,3983,6890,3568,920,3910,6822,3834,866,3843,6841,3933,831,3817,6698,4154,791,3749,6669,4310,759,3717,6608,4474,719,3601,6535,4604,684,3534,6569,4736,667,3482,6552,4865
"Ženske","Odranci",37,338,257,78,36,318,256,88,35,301,259,90,35,298,255,92,36,297,260,100,34,292,260,105,34,292,258,114,33,286,256,120,32,273,273,124
"Ženske","Oplotnica",99,566,818,217,91,561,819,239,88,542,827,255,81,519,805,282,79,502,816,296,80,494,807,318,71,484,793,349,66,468,791,365,61,449,811,375
"Ženske","Ormož",324,2095,2478,598,309,2034,2469,668,291,1974,2481,710,280,1922,2446,745,271,1884,2442,797,258,1806,2457,824,240,1730,2446,901,221,1660,2456,922,207,1582,2458,963
"Ženske","Osilnica",34,58,60,19,32,54,59,21,29,53,57,20,29,55,57,20,27,50,57,19,28,49,63,18,27,48,61,21,24,46,59,23,22,48,60,26
"Ženske","Pesnica",183,1148,1524,413,179,1113,1517,458,157,1084,1541,475,149,1027,1516,515,145,1018,1525,544,135,989,1518,558,121,978,1501,586,115,941,1503,601,109,900,1521,623
"Ženske","Piran/Pirano",523,1847,4031,1697,485,1745,4008,1803,454,1731,4075,1816,434,1680,4023,1909,411,1639,4001,2010,409,1625,3961,2060,391,1601,3882,2163,368,1537,3902,2199,348,1502,3855,2277
"Ženske","Pivka",221,814,1050,442,204,791,1055,466,188,786,1077,487,184,778,1064,498,175,750,1071,523,163,741,1061,554,158,735,1033,603,145,707,1040,606,141,684,1056,631
"Ženske","Podčetrtek",79,542,636,164,80,523,629,195,74,507,627,204,71,499,609,232,66,488,618,239,63,476,605,260,60,461,609,285,52,445,608,301,50,438,624,322
"Ženske","Podlehnik",69,304,368,79,67,300,359,86,70,291,364,89,65,276,371,92,62,273,363,96,59,273,366,104,54,256,366,112,52,258,357,119,52,245,364,116
"Ženske","Podvelka",105,343,509,116,98,328,510,126,91,323,513,128,89,302,487,136,86,279,489,143,80,279,476,149,77,273,484,157,74,267,487,155,73,263,497,160
"Ženske","Poljčane",138,683,996,273,135,659,995,313,131,634,980,323,114,603,952,343,111,580,956,352,101,574,951,369,99,546,942,396,95,528,933,404,92,545,945,407
"Ženske","Polzela",149,905,1144,427,144,877,1118,473,136,877,1095,509,133,854,1084,553,130,842,1081,594,119,836,1093,618,114,809,1108,657,103,800,1106,671,99,761,1120,690
"Ženske","Postojna",366,1916,2987,1438,358,1881,2939,1534,333,1828,2912,1617,336,1803,2878,1689,311,1803,2884,1743,305,1739,2906,1774,294,1709,2861,1861,289,1684,2864,1900,276,1659,2886,1949
"Ženske","Prebold",70,661,1026,427,70,645,1024,458,68,627,1015,482,61,618,965,514,59,585,964,531,59,593,952,554,56,597,942,593,55,590,938,597,56,574,940,597
"Ženske","Preddvor",98,417,708,307,103,409,685,345,94,397,691,367,91,389,655,397,90,363,668,422,84,362,669,436,77,369,647,463,74,381,653,478,69,367,664,492
"Ženske","Prevalje",210,856,1438,475,190,856,1432,510,184,832,1430,527,183,820,1397,565,175,815,1380,592,171,796,1389,593,162,787,1395,619,154,759,1392,639,149,742,1385,635
"Ženske","Ptuj",451,2585,5460,2142,437,2544,5385,2294,412,2465,5317,2354,407,2377,5121,2486,386,2274,5076,2559,374,2209,5056,2611,363,2132,4943,2719,353,2100,4935,2799,329,2056,4909,2836
"Ženske","Puconci",162,1268,1043,257,151,1244,1063,295,135,1221,1074,304,129,1191,1067,330,116,1147,1059,354,115,1103,1061,380,107,1062,1045,424,97,1039,1061,446,93,1011,1058,443
"Ženske","Rače - Fram",98,771,1527,575,95,755,1497,656,92,739,1514,709,92,714,1479,762,86,705,1467,790,84,697,1473,799,83,678,1463,838,75,659,1477,881,71,643,1503,914
"Ženske","Radeče",119,575,950,300,113,563,947,334,106,544,945,328,94,535,915,353,90,528,896,360,86,515,904,371,85,499,880,394,82,483,877,402,75,451,870,417
"Ženske","Radenci",81,752,1128,411,73,728,1094,443,73,714,1101,457,72,698,1088,482,69,692,1084,491,66,665,1081,495,64,641,1097,527,65,613,1091,529,59,596,1095,536
"Ženske","Radlje ob Dravi",212,737,1339,383,213,701,1344,421,211,693,1341,432,203,666,1303,482,196,659,1304,492,186,666,1271,506,177,629,1267,531,163,620,1278,546,160,625,1281,538
"Ženske","Radovljica",422,2080,4166,1842,390,2006,4104,1969,371,1954,4070,2018,353,1908,3966,2142,335,1852,3933,2253,326,1790,3885,2296,310,1746,3836,2406,304,1711,3821,2483,289,1645,3860,2551
"Ženske","Ravne na Koroškem",282,1350,2406,957,272,1328,2359,1011,261,1319,2318,1040,245,1305,2258,1075,235,1286,2241,1112,222,1235,2252,1151,210,1180,2245,1185,197,1162,2240,1210,189,1119,2234,1238
"Ženske","Razkrižje",36,250,233,71,30,239,232,76,29,228,236,79,27,215,226,83,25,205,224,86,25,203,217,92,23,203,213,103,20,198,220,97,18,191,222,94
"Ženske","Rečica ob Savinji",38,351,451,143,32,354,446,156,30,334,446,165,29,329,441,179,28,309,462,189,25,300,450,200,25,288,437,214,20,271,428,217,20,261,432,223
"Ženske","Renče - Vogrsko",98,628,810,315,92,615,808,334,81,617,808,346,78,596,773,389,74,578,767,399,73,582,750,414,74,586,759,432,64,562,751,450,53,558,765,466
"Ženske","Ribnica",189,1215,1860,703,180,1164,1833,764,166,1137,1825,790,156,1117,1773,856,154,1071,1770,889,150,1029,1763,935,143,1004,1769,979,138,962,1750,1001,137,929,1754,1042
"Ženske","Ribnica na Pohorju",69,157,238,62,64,147,236,65,59,143,236,76,56,135,239,75,51,133,236,79,48,127,242,91,48,122,243,96,46,117,246,89,42,116,234,89
"Ženske","Rogaška Slatina",201,1324,2446,704,195,1305,2413,777,194,1285,2441,817,186,1289,2417,834,179,1256,2398,867,170,1248,2378,919,166,1205,2352,960,157,1160,2364,985,160,1127,2379,1000
"Ženske","Rogašovci",115,686,524,116,110,664,535,123,102,652,528,125,94,642,525,140,94,617,530,153,89,614,513,163,86,595,505,172,81,588,512,179,83,562,516,178
"Ženske","Rogatec",84,481,642,133,81,480,633,154,76,466,628,163,74,456,632,169,73,443,626,182,74,438,638,192,70,419,633,203,63,400,648,209,60,392,637,221
"Ženske","Ruše",179,841,1568,570,166,842,1531,610,157,826,1514,615,151,825,1478,671,141,801,1497,682,138,765,1503,698,126,734,1497,717,126,704,1506,741,120,689,1500,772
"Ženske","Selnica ob Dravi",127,555,949,344,124,526,958,369,116,511,954,389,113,494,933,405,110,474,949,421,104,466,942,440,94,450,928,467,91,437,932,476,88,414,942,497
"Ženske","Semič",206,604,642,215,202,603,630,224,187,591,628,225,185,573,610,253,182,571,599,263,169,551,607,264,160,548,599,278,153,535,602,282,146,530,609,294
"Ženske","Sevnica",697,2222,3576,1069,655,2184,3534,1176,606,2121,3514,1221,596,2097,3443,1301,570,2055,3444,1375,546,2017,3452,1402,513,1971,3429,1502,486,1927,3418,1532,462,1899,3450,1559
"Ženske","Sežana",238,1662,2573,1084,231,1648,2572,1187,217,1632,2546,1215,212,1597,2525,1293,202,1566,2508,1343,191,1552,2536,1394,193,1507,2503,1455,178,1473,2538,1493,175,1437,2560,1520
"Ženske","Slovenj Gradec",338,1968,3514,1410,329,1919,3424,1546,314,1875,3414,1603,300,1865,3318,1702,282,1798,3326,1752,272,1771,3304,1818,263,1725,3246,1878,242,1672,3214,1911,235,1607,3214,1950
"Ženske","Slovenska Bistrica",402,2933,5409,1955,388,2888,5336,2175,354,2841,5305,2276,343,2794,5216,2409,338,2781,5265,2500,319,2711,5280,2612,301,2661,5226,2745,284,2590,5249,2820,267,2531,5233,2903
"Ženske","Slovenske Konjice",248,1837,2984,1027,234,1747,2943,1152,223,1689,2951,1197,220,1673,2879,1272,215,1651,2883,1327,208,1597,2868,1372,198,1557,2859,1442,188,1531,2875,1490,178,1526,2865,1534
"Ženske","Sodražica",49,306,379,150,49,293,378,164,48,287,389,171,43,286,373,181,41,279,374,193,41,270,371,203,38,266,357,224,36,263,343,231,34,246,349,238
"Ženske","Solčava",21,69,100,33,20,63,104,38,19,64,105,40,18,60,99,44,13,55,99,48,13,58,99,48,12,59,103,48,12,57,101,47,11,57,101,52
"Ženske","Središče ob Dravi",49,335,464,107,48,321,468,123,47,305,465,129,44,287,440,141,40,288,442,148,38,273,445,152,38,259,438,156,36,241,427,170,35,235,408,163
"Ženske","Starše",81,551,933,266,76,550,912,300,73,525,917,305,71,515,890,336,70,495,884,349,70,477,896,363,63,453,882,372,58,436,876,386,55,433,872,396
"Ženske","Straža",118,517,689,324,110,505,666,360,108,488,693,357,103,475,677,377,101,457,679,390,97,448,680,398,94,445,663,420,89,430,670,435,86,414,659,439
"Ženske","Sveta Ana",72,473,387,81,68,447,399,97,60,434,413,105,66,422,388,120,62,411,391,130,60,403,387,137,55,395,400,138,51,373,402,146,50,354,412,152
"Ženske","Sveta Trojica v Slov. goricah",34,340,439,93,32,334,435,112,31,326,438,117,27,327,428,132,28,307,418,141,25,295,419,146,25,283,415,166,25,266,426,168,23,252,426,184
"Ženske","Sveti Andraž v Slov. goricah",41,220,186,60,40,217,176,62,39,205,171,62,37,207,178,65,35,201,180,69,32,191,186,74,30,176,184,77,30,167,185,84,27,162,192,92
"Ženske","Sveti Jurij ob Ščavnici",56,544,512,127,53,528,505,152,55,515,509,158,52,500,509,162,53,484,518,169,54,450,519,184,54,435,514,195,49,419,522,198,45,398,511,213
"Ženske","Sveti Jurij v Slov. goricah",74,390,325,85,74,370,339,94,70,364,339,105,65,358,340,108,58,352,341,124,54,352,332,135,55,345,329,153,50,339,319,155,45,328,328,161
"Ženske","Sveti Tomaž",66,400,348,83,63,397,363,95,64,388,375,99,57,374,354,110,50,369,361,113,42,361,371,114,40,348,354,125,39,340,357,133,36,324,368,140
"Ženske","Šalovci",25,449,210,40,24,430,213,43,23,417,219,46,22,399,215,52,20,377,218,54,18,367,214,64,16,359,209,66,13,342,208,73,12,323,209,78
"Ženske","Šempeter - Vrtojba",82,773,1250,656,76,757,1223,703,76,762,1241,710,70,751,1213,731,65,741,1205,760,67,714,1208,774,63,697,1194,794,56,671,1184,796,51,656,1197,817
"Ženske","Šenčur",187,933,1648,737,179,916,1620,795,167,918,1629,805,158,892,1603,855,153,869,1601,903,148,857,1607,963,135,807,1586,998,126,803,1613,1021,124,761,1629,1071
"Ženske","Šentilj",303,1301,1673,406,292,1276,1658,451,278,1250,1668,464,275,1211,1686,506,261,1185,1681,534,241,1156,1677,543,228,1157,1656,582,220,1145,1685,594,207,1116,1690,623
"Ženske","Šentjernej",306,931,1201,411,289,905,1207,461,273,882,1227,480,258,867,1202,541,242,858,1214,563,234,843,1205,600,221,842,1202,642,216,825,1197,652,204,804,1202,680
"Ženske","Šentjur",477,2542,3664,1446,460,2472,3633,1573,435,2421,3625,1651,414,2335,3554,1759,387,2303,3580,1824,372,2249,3569,1895,354,2205,3542,1994,345,2115,3542,2058,327,2082,3566,2114
"Ženske","Šentrupert",109,319,417,141,104,322,399,165,96,317,403,170,89,307,404,184,83,296,410,196,82,294,417,197,79,278,413,217,73,284,430,233,62,270,418,247
"Ženske","Škocjan",143,440,545,155,136,426,543,166,127,427,568,177,115,423,558,180,110,415,570,192,109,419,569,209,102,403,564,230,90,393,565,246,87,386,574,258
"Ženske","Škofja Loka",587,2406,4610,2158,559,2361,4535,2333,535,2321,4535,2391,505,2337,4374,2577,491,2295,4356,2634,454,2292,4304,2729,428,2203,4281,2849,398,2182,4264,2914,382,2135,4281,2983
"Ženske","Škofljica",129,855,1816,977,125,837,1829,1104,113,856,1871,1195,110,849,1889,1292,105,838,1897,1372,103,856,1927,1471,102,839,1970,1559,98,842,1985,1624,94,830,2000,1688
"Ženske","Šmarje pri Jelšah",282,1532,1910,610,279,1493,1916,693,263,1447,1933,722,240,1427,1878,782,219,1378,1880,809,208,1351,1905,851,198,1341,1893,892,197,1314,1893,905,184,1273,1908,938
"Ženske","Šmarješke Toplice",82,396,619,246,76,393,615,272,82,391,621,286,73,371,620,303,69,373,616,326,66,375,610,347,67,372,611,347,63,361,630,359,64,346,641,377
"Ženske","Šmartno ob Paki",49,445,611,238,49,431,621,259,40,417,638,264,40,418,628,288,40,408,620,307,40,398,620,323,36,383,614,334,36,371,622,339,34,358,629,353
"Ženske","Šmartno pri Litiji",246,686,1055,315,234,667,1056,358,213,662,1057,382,206,638,1038,419,205,629,1048,425,185,608,1030,471,184,590,1053,505,171,579,1050,524,158,561,1054,540
"Ženske","Šoštanj",244,1195,1659,501,227,1164,1652,551,213,1177,1633,575,210,1156,1587,615,196,1156,1588,658,192,1131,1588,682,178,1123,1561,723,174,1102,1590,760,164,1066,1623,785
"Ženske","Štore",141,570,846,264,142,574,847,278,135,574,874,287,122,550,839,319,123,552,854,327,118,531,859,343,112,521,864,345,105,507,866,366,101,498,885,393
"Ženske","Tabor",43,248,292,93,40,243,284,121,38,236,281,128,35,218,281,140,32,204,287,153,31,188,285,161,25,184,277,173,23,185,276,186,19,180,267,182
"Ženske","Tišina",98,757,740,210,92,730,749,239,85,707,766,243,79,694,744,263,78,678,760,271,73,660,744,283,71,639,732,298,66,626,741,302,65,618,749,296
"Ženske","Tolmin",418,1762,2034,894,399,1718,2011,964,366,1697,2023,970,346,1645,1963,1020,324,1616,1922,1062,303,1554,1912,1073,287,1507,1869,1118,263,1478,1865,1146,256,1423,1876,1168
"Ženske","Trbovlje",408,2511,3688,1246,383,2407,3627,1326,368,2381,3564,1374,350,2304,3502,1421,330,2240,3486,1454,318,2171,3441,1482,298,2100,3402,1538,283,2024,3372,1568,272,1970,3337,1599
"Ženske","Trebnje",520,1731,2683,1106,424,1374,2105,1018,416,1355,2117,1069,396,1347,2071,1127,387,1304,2091,1188,375,1297,2106,1271,341,1278,2105,1355,317,1257,2137,1397,307,1240,2150,1454
"Ženske","Trnovska vas",34,232,255,54,31,226,255,64,28,217,249,64,25,217,247,68,23,199,248,75,24,183,248,84,24,178,260,87,22,172,273,88,20,167,271,93
"Ženske","Trzin",20,265,754,584,20,261,737,612,19,262,725,633,20,258,721,640,24,262,696,644,22,270,700,666,24,259,675,694,21,253,667,713,18,252,686,718
"Ženske","Tržič",484,1963,3159,1085,461,1931,3122,1182,433,1900,3100,1207,412,1856,3043,1277,384,1809,3028,1348,362,1736,3040,1382,339,1712,3023,1452,323,1675,3012,1452,303,1641,3019,1485
"Ženske","Turnišče",54,670,623,156,52,661,614,177,49,640,620,182,46,628,617,182,42,599,614,195,42,577,610,202,38,567,605,216,34,538,605,216,33,529,613,228
"Ženske","Velenje",673,4326,6512,2464,622,4281,6347,2676,585,4269,6299,2753,559,4209,6158,2920,532,4144,6080,3017,511,4068,6103,3096,483,4009,6015,3212,469,3994,6019,3279,445,3959,6073,3337
"Ženske","Velika Polana",22,337,236,76,21,326,241,78,18,312,240,78,18,292,244,93,17,283,243,96,16,276,241,98,15,269,236,105,11,259,240,112,12,253,243,110
"Ženske","Velike Lašče",81,467,833,337,73,460,827,365,70,452,830,396,64,447,780,438,61,442,784,455,58,435,775,481,55,430,780,510,52,406,784,520,53,391,802,536
"Ženske","Veržej",10,189,267,96,10,188,265,103,8,186,273,110,7,184,269,122,7,177,270,124,8,170,274,127,6,167,275,137,8,155,267,143,8,149,273,144
"Ženske","Videm",194,850,1128,264,186,819,1135,296,180,790,1143,299,165,744,1125,318,157,720,1094,340,148,693,1110,349,142,669,1123,368,135,649,1104,385,128,614,1124,400
"Ženske","Vipava",72,786,918,456,88,807,933,506,75,773,939,539,88,785,900,566,83,769,889,607,79,750,876,644,86,731,886,659,75,695,868,689,68,665,880,699
"Ženske","Vitanje",100,356,367,108,99,346,353,129,96,347,340,127,89,347,333,132,85,346,323,146,81,333,331,158,79,327,337,163,73,323,333,162,72,307,340,171
"Ženske","Vodice",57,531,890,428,56,509,892,482,54,510,890,502,50,496,872,545,47,482,870,560,38,479,865,592,36,469,846,623,33,462,844,643,33,434,850,690
"Ženske","Vojnik",290,1004,1786,556,269,960,1765,622,256,965,1790,655,249,951,1755,710,236,959,1759,766,227,970,1743,817,214,914,1744,889,204,908,1740,905,192,859,1763,920
"Ženske","Vransko",86,404,460,180,77,395,454,200,76,391,466,213,68,372,459,221,66,371,445,239,65,354,453,247,63,346,447,265,62,326,443,274,58,300,454,292
"Ženske","Vrhnika",249,1900,3272,1558,250,1834,3252,1694,237,1830,3232,1756,217,1790,3186,1851,214,1780,3169,1924,195,1722,3173,2020,187,1698,3153,2079,170,1665,3163,2161,168,1638,3190,2239
"Ženske","Vuzenica",106,289,598,191,103,268,594,207,94,271,589,215,88,261,572,227,82,253,572,245,79,246,571,245,75,243,558,261,73,229,567,263,71,225,568,261
"Ženske","Zagorje ob Savi",482,2374,3470,1152,469,2287,3419,1272,441,2242,3403,1309,434,2206,3284,1395,418,2152,3285,1462,394,2077,3270,1527,378,2025,3205,1610,355,1932,3227,1650,338,1869,3229,1673
"Ženske","Zavrč",70,229,281,57,69,232,276,60,63,233,273,63,60,216,266,63,56,207,266,67,55,199,269,68,53,190,276,72,48,184,279,73,49,182,267,79
"Ženske","Zreče",139,871,1252,389,133,848,1215,430,120,837,1224,439,114,836,1205,468,106,843,1182,499,102,835,1212,530,99,806,1210,564,89,776,1237,565,84,760,1259,576
"Ženske","Žalec",487,2506,4585,1701,466,2472,4503,1814,431,2433,4461,1859,424,2375,4350,1944,402,2339,4348,2029,394,2303,4329,2090,375,2228,4276,2168,355,2192,4231,2274,358,2146,4224,2320
"Ženske","Železniki",238,906,1147,472,232,877,1137,521,219,870,1131,541,214,862,1074,591,206,835,1075,621,194,822,1059,641,183,795,1041,680,168,793,1047,704,163,779,1027,724
"Ženske","Žetale",69,251,182,54,69,246,185,67,61,237,189,73,58,236,190,79,57,229,190,86,50,225,184,90,47,220,180,93,44,215,182,102,41,207,175,108
"Ženske","Žiri",142,563,1032,353,132,557,1026,376,128,539,1026,397,121,514,1006,421,111,514,978,442,103,485,990,471,92,480,971,504,83,469,963,531,76,458,959,540
"Ženske","Žirovnica",53,390,938,487,52,379,946,523,52,374,938,532,47,364,903,574,42,355,897,589,37,359,888,613,36,351,876,641,29,339,881,644,28,323,866,673
"Ženske","Žužemberk",222,619,811,238,208,610,809,264,192,586,822,289,184,574,796,337,175,566,793,351,169,549,802,386,162,542,797,407,152,522,803,426,146,497,817,436
