SPOL,OBÈINE,2008H1,2008H2,2009H1,2009H2,2010H1,2010H2,2011H1,2011H2,2012H1,2012H2,2013H1,2013H2,2014H1,2014H2,2015H1,2015H2,2016H1,2016H2,2017H1,2017H2,2018H1,2018H2,2019H1,2019H2 
Moški,Ajdovšèina,9419,9359,9471,9607,9622,9614,9641,9617,9586,9600,9570,9620,9543,9570,9593,9610,9621,9624,9659,9708,9699,9740,9825,9945
Moški,Ankaran/Ancarano,-,-,-,-,-,-,-,-,-,-,-,-,-,-,1585,1581,1578,1575,1586,1564,1564,1559,1554,1554
Moški,Apaèe,1803,1802,1797,1797,1797,1797,1794,1795,1803,1778,1791,1797,1800,1794,1785,1790,1779,1771,1759,1763,1755,1750,1755,1761
Moški,Beltinci,4174,4098,4094,4109,4108,4100,4099,4109,4126,4147,4132,4149,4150,4154,4133,4128,4126,4120,4109,4127,4090,4075,4051,4040
Moški,Benedikt,1187,1222,1226,1215,1219,1233,1236,1248,1242,1239,1239,1251,1243,1237,1241,1235,1241,1252,1237,1241,1256,1279,1295,1321
Moški,Bistrica ob Sotli,719,706,695,695,702,707,707,705,705,701,703,705,692,688,691,689,685,678,672,668,669,674,663,666
Moški,Bled,3969,3957,3992,3977,3974,3962,3951,3975,4006,3995,3990,4036,4024,3991,3969,3942,3926,3925,3907,3865,3842,3830,3843,3876
Moški,Bloke,881,852,838,825,829,829,837,837,841,843,847,846,843,838,833,819,822,821,819,820,817,814,833,841
Moški,Bohinj,2592,2558,2573,2598,2613,2598,2602,2588,2586,2586,2597,2588,2576,2580,2559,2561,2556,2548,2560,2567,2575,2553,2562,2577
Moški,Borovnica,1939,1936,1972,1987,1992,2015,2012,2011,1995,1998,1996,2037,2072,2098,2127,2149,2151,2155,2208,2237,2230,2226,2266,2309
Moški,Bovec,1619,1560,1563,1585,1580,1611,1606,1582,1558,1564,1574,1568,1565,1555,1550,1546,1539,1522,1512,1509,1502,1505,1502,1520
Moški,Braslovèe,2582,2585,2558,2566,2591,2621,2647,2688,2683,2708,2700,2716,2726,2735,2736,2743,2751,2789,2799,2809,2795,2783,2794,2824
Moški,Brda,2859,2834,2838,2845,2847,2854,2845,2848,2862,2856,2839,2841,2821,2823,2804,2795,2797,2804,2794,2802,2807,2815,2804,2821
Moški,Brezovica,5090,5187,5247,5319,5368,5450,5535,5597,5621,5687,5739,5767,5788,5825,5841,5873,5905,5927,5967,5987,6034,6108,6171,6261
Moški,Brežice,11973,11870,11892,11950,11942,11926,11938,11965,11946,11932,11916,11925,11965,11935,11920,11939,11957,11954,11944,11884,11879,11893,11946,12027
Moški,Cankova,973,938,930,927,923,920,912,919,922,917,912,915,906,906,903,906,895,876,881,876,863,858,851,848
Moški,Celje,24311,23816,24122,24198,24110,24048,23904,23812,23843,23921,23958,23997,24158,24175,24133,24178,24345,24483,24590,24662,24752,24888,24803,24945
Moški,Cerklje na Gorenjskem,3350,3375,3407,3460,3516,3542,3548,3546,3571,3579,3597,3654,3688,3693,3703,3725,3767,3766,3774,3789,3805,3812,3830,3877
Moški,Cerknica,5521,5527,5508,5619,5630,5662,5680,5706,5739,5737,5675,5694,5686,5707,5733,5750,5728,5794,5817,5813,5808,5819,5866,5913
Moški,Cerkno,2502,2442,2407,2425,2431,2431,2433,2451,2458,2455,2442,2441,2416,2403,2392,2382,2370,2367,2352,2345,2334,2324,2319,2326
Moški,Cerkvenjak,1091,1068,1063,1055,1062,1061,1056,1035,1030,1031,1022,1016,1038,1058,1073,1071,1072,1074,1097,1090,1071,1084,1095,1110
Moški,Cirkulane,1134,1124,1145,1144,1149,1152,1170,1172,1163,1161,1181,1178,1206,1204,1216,1202,1193,1204,1238,1232,1246,1267,1306,1280
Moški,Èrenšovci,2175,2122,2108,2095,2098,2104,2087,2087,2078,2057,2031,2007,2010,2011,2001,1984,1992,1968,1960,1964,1952,1976,1970,1978
Moški,Èrna na Koroškem,1771,1871,1849,1858,1833,1826,1803,1820,1813,1788,1786,1781,1744,1727,1712,1698,1705,1694,1680,1680,1677,1667,1678,1670
Moški,Èrnomelj,7472,7378,7409,7399,7399,7429,7457,7465,7426,7412,7374,7423,7411,7421,7413,7380,7333,7307,7264,7251,7265,7258,7305,7310
Moški,Destrnik,1320,1312,1312,1347,1341,1329,1324,1323,1309,1301,1291,1310,1312,1297,1291,1300,1286,1294,1296,1294,1294,1315,1321,1336
Moški,Divaèa,2055,2014,2003,2022,2008,2045,2034,2032,2039,2042,2031,2055,2058,2084,2078,2061,2061,2073,2082,2124,2134,2141,2166,2175
Moški,Dobje,478,461,460,464,470,475,478,475,479,479,476,477,471,472,479,473,470,471,477,464,464,462,469,464
Moški,Dobrepolje,1886,1909,1920,1931,1946,1966,1974,2011,2012,2033,2021,2015,2026,2013,2016,2019,2000,2007,2008,2018,2016,2004,2015,2011
Moški,Dobrna,1063,1107,1113,1111,1126,1129,1122,1123,1127,1119,1119,1116,1124,1112,1097,1114,1108,1132,1126,1125,1121,1124,1129,1141
Moški,Dobrova - Polhov Gradec,3542,3550,3604,3638,3660,3668,3675,3711,3740,3735,3776,3782,3742,3772,3790,3814,3804,3806,3807,3834,3836,3813,3826,3897
Moški,Dobrovnik/Dobronak,651,650,631,634,626,626,629,630,631,639,632,621,618,623,624,619,610,608,618,617,620,620,619,617
Moški,Dol pri Ljubljani,2509,2534,2596,2626,2654,2693,2716,2750,2785,2805,2831,2869,2891,2916,2943,2963,2964,2971,2971,2979,2996,3053,3095,3128
Moški,Dolenjske Toplice,1718,1709,1708,1701,1715,1703,1708,1696,1689,1692,1693,1682,1682,1696,1704,1703,1715,1724,1743,1722,1721,1753,1779,1795
Moški,Domžale,16065,16028,16274,16463,16507,16619,16741,16876,16869,16909,16968,17082,17127,17221,17227,17297,17367,17417,17444,17518,17543,17673,17894,18002
Moški,Dornava,1337,1491,1493,1480,1488,1481,1481,1495,1497,1480,1464,1467,1461,1462,1469,1469,1459,1469,1473,1470,1459,1473,1486,1489
Moški,Dravograd,4510,4524,4561,4606,4581,4565,4558,4550,4561,4553,4519,4489,4474,4470,4467,4453,4463,4465,4423,4421,4389,4377,4387,4432
Moški,Duplek,3206,3214,3230,3237,3266,3277,3295,3297,3291,3316,3341,3341,3350,3351,3328,3307,3303,3312,3308,3330,3358,3365,3386,3409
Moški,Gorenja vas - Poljane,3542,3547,3569,3589,3614,3621,3621,3614,3613,3626,3647,3650,3674,3701,3705,3732,3735,3754,3771,3789,3802,3810,3816,3838
Moški,Gorišnica,1927,1923,1954,1972,1965,1991,2007,2000,2006,2021,2029,2013,1988,1967,1968,1969,1981,1978,1957,1978,2016,2048,2070,2092
Moški,Gorje,1410,1415,1442,1437,1445,1454,1454,1444,1442,1425,1442,1430,1418,1411,1412,1407,1426,1424,1414,1404,1395,1395,1390,1378
Moški,Gornja Radgona,4250,4238,4212,4213,4221,4200,4210,4237,4224,4249,4250,4214,4210,4201,4204,4198,4194,4200,4187,4185,4170,4170,4170,4194
Moški,Gornji Grad,1269,1274,1269,1279,1293,1291,1286,1285,1297,1294,1296,1289,1297,1294,1283,1275,1285,1289,1286,1279,1274,1260,1242,1239
Moški,Gornji Petrovci,1066,1043,1039,1051,1038,1031,1036,1033,1025,1030,1032,1026,1022,1019,1018,1012,1008,995,1005,1003,989,983,984,990
Moški,Grad,1146,1135,1125,1122,1120,1119,1120,1109,1100,1087,1097,1095,1098,1095,1089,1078,1069,1060,1043,1039,1048,1041,1035,1025
Moški,Grosuplje,9151,9301,9438,9599,9660,9723,9748,9811,9898,9957,10002,10026,10049,10084,10100,10109,10119,10205,10285,10478,10590,10734,10852,11028
Moški,Hajdina,1854,1831,1831,1851,1867,1850,1855,1853,1860,1848,1847,1844,1850,1867,1851,1859,1834,1836,1858,1850,1856,1879,1919,1954
Moški,Hoèe - Slivnica,5465,5452,5504,5443,5431,5441,5432,5446,5460,5525,5662,5718,5680,5726,5670,5699,5743,5679,5729,5747,5858,5978,6185,6252
Moški,Hodoš/Hodos,159,154,156,155,151,150,153,152,181,184,182,174,174,177,177,180,182,184,179,181,179,178,177,181
Moški,Horjul,1377,1389,1406,1430,1422,1431,1420,1415,1418,1430,1446,1458,1473,1477,1470,1457,1461,1472,1477,1483,1496,1494,1495,1516
Moški,Hrastnik,4937,4874,4854,4890,4935,4857,4839,4845,4812,4796,4751,4707,4695,4648,4625,4592,4580,4578,4557,4538,4524,4529,4522,4519
Moški,Hrpelje - Kozina,2097,2080,2119,2136,2152,2145,2149,2174,2172,2176,2186,2175,2182,2188,2193,2208,2198,2193,2196,2213,2240,2260,2283,2343
Moški,Idrija,6014,5938,5866,5905,5904,5937,5898,5965,5956,5975,5983,5997,5983,6001,5966,6006,5977,5958,5920,5924,5883,5894,5931,5980
Moški,Ig,3084,3192,3260,3312,3374,3406,3440,3442,3445,3518,3529,3516,3548,3559,3573,3574,3590,3612,3622,3656,3685,3721,3743,3816
Moški,Ilirska Bistrica,6995,6931,6920,6961,6983,6957,6968,6975,6952,6939,6954,6947,6916,6900,6891,6853,6813,6783,6769,6736,6680,6687,6739,6717
Moški,Ivanèna Gorica,7382,7456,7529,7621,7650,7720,7781,7863,7935,7969,7985,8046,8099,8156,8189,8209,8222,8262,8282,8375,8441,8485,8620,8677
Moški,Izola/Isola,7875,7867,8021,8105,8081,7988,7956,7983,7945,7955,7958,7910,7839,7813,7818,7816,7841,7839,7876,7860,7862,7941,8073,8127
Moški,Jesenice,10977,10890,10954,10926,10870,10840,10842,10822,10794,10733,10682,10639,10608,10520,10525,10488,10439,10362,10397,10394,10432,10504,10622,10755
Moški,Jezersko,345,333,336,328,326,331,328,327,320,316,314,316,324,320,319,309,304,305,312,318,317,316,319,316
Moški,Juršinci,1194,1205,1178,1185,1194,1189,1191,1189,1197,1227,1214,1214,1217,1217,1197,1198,1189,1206,1217,1226,1226,1223,1216,1221
Moški,Kamnik,13959,14103,14103,14250,14301,14324,14357,14309,14331,14390,14364,14388,14461,14462,14476,14448,14426,14472,14479,14540,14554,14579,14728,14865
Moški,Kanal,2990,2951,2938,2903,2869,2857,2869,2865,2872,2865,2858,2842,2813,2805,2790,2769,2737,2713,2692,2694,2678,2670,2664,2675
Moški,Kidrièevo,3264,3207,3207,3229,3218,3201,3190,3190,3200,3178,3186,3194,3192,3166,3155,3136,3127,3121,3110,3126,3144,3155,3161,3172
Moški,Kobarid,2150,2081,2080,2083,2090,2093,2084,2071,2090,2101,2100,2113,2093,2088,2082,2078,2062,2057,2048,2057,2053,2057,2055,2066
Moški,Kobilje,301,295,296,294,295,301,306,310,310,301,294,287,290,291,295,297,294,294,286,289,287,284,280,277
Moški,Koèevje,8370,8240,8209,8261,8197,8180,8162,8151,8134,8097,8085,8028,7969,7944,7952,7945,7928,7926,7890,7836,7824,7792,7808,7815
Moški,Komen,1733,1715,1715,1720,1730,1745,1726,1742,1759,1755,1758,1775,1764,1742,1772,1751,1745,1765,1759,1763,1775,1761,1771,1775
Moški,Komenda,2390,2453,2518,2601,2636,2680,2709,2789,2839,2857,2856,2890,2923,2947,2963,2983,3012,3036,3067,3056,3103,3137,3166,3219
Moški,Koper/Capodistria,25189,25097,25432,25868,26009,26165,26228,26243,26335,26412,26488,26586,26783,26766,25114,25165,25191,25172,25259,25469,25560,25579,25846,26062
Moški,Kostanjevica na Krki,1217,1198,1201,1193,1194,1192,1183,1194,1206,1205,1205,1208,1206,1218,1235,1229,1213,1207,1209,1216,1222,1220,1233,1228
Moški,Kostel,348,337,339,340,343,337,341,340,328,334,335,335,339,339,339,337,339,343,338,333,335,337,334,338
Moški,Kozje,1652,1633,1620,1611,1617,1623,1615,1620,1611,1597,1597,1589,1564,1560,1552,1542,1557,1574,1562,1559,1549,1540,1538,1551
Moški,Kranj,26421,26340,26631,26931,27038,27094,27174,27298,27366,27379,27441,27472,27503,27592,27656,27793,27789,27755,27728,27732,27738,27677,28044,28431
Moški,Kranjska Gora,2663,2614,2613,2622,2628,2621,2647,2637,2655,2648,2635,2628,2652,2641,2627,2628,2619,2614,2624,2590,2613,2616,2605,2608
Moški,Križevci,1760,1897,1889,1898,1905,1913,1896,1928,1921,1927,1925,1921,1903,1920,1909,1896,1871,1887,1868,1866,1846,1846,1840,1824
Moški,Krško,13120,12946,13055,13138,13203,13223,13222,13121,13207,13297,13365,13385,13317,13253,13216,13177,13242,13256,13166,13162,13200,13201,13358,13451
Moški,Kungota,2377,2361,2371,2361,2349,2355,2380,2385,2395,2388,2403,2408,2395,2408,2417,2410,2390,2395,2420,2412,2426,2418,2400,2408
Moški,Kuzma,764,755,753,744,767,766,744,760,772,769,764,768,766,783,783,772,770,769,768,768,759,757,764,766
Moški,Laško,6796,6751,6734,6746,6729,6675,6643,6640,6625,6603,6585,6594,6560,6548,6537,6528,6495,6502,6499,6487,6476,6458,6464,6492
Moški,Lenart,3652,3909,3938,3973,3996,4041,4080,4085,4075,4065,4057,4032,4086,4119,4118,4109,4136,4136,4122,4144,4126,4169,4225,4245
Moški,Lendava/Lendva,5524,5448,5374,5377,5358,5338,5316,5296,5317,5256,5204,5172,5170,5166,5166,5169,5166,5141,5145,5113,5078,5090,5125,5188
Moški,Litija,7285,7183,7223,7281,7325,7378,7415,7463,7451,7477,7526,7514,7538,7510,7522,7514,7542,7590,7597,7655,7664,7674,7721,7768
Moški,Ljubljana,128869,130339,132489,134182,134951,135134,134789,134410,134731,134731,135707,135788,136889,137211,137797,138043,138564,138856,139264,139136,139777,140124,141907,142958
Moški,Ljubno,1314,1293,1275,1293,1308,1310,1312,1311,1309,1323,1316,1316,1307,1306,1292,1297,1307,1303,1301,1300,1287,1281,1279,1288
Moški,Ljutomer,5845,5843,5788,5755,5754,5757,5758,5744,5755,5755,5747,5708,5703,5688,5665,5677,5676,5668,5641,5635,5650,5643,5617,5635
Moški,Log - Dragomer,1730,1737,1772,1781,1800,1807,1797,1829,1832,1840,1856,1844,1826,1830,1839,1824,1810,1811,1832,1839,1819,1852,1839,1828
Moški,Logatec,6241,6342,6381,6521,6629,6667,6679,6706,6794,6862,6936,6946,6946,6966,6956,6935,6932,6962,6969,7028,7064,7101,7178,7226
Moški,Loška dolina,1962,1927,1919,2035,2040,2030,2003,2021,1991,1990,1984,1996,1988,1990,2005,2000,2002,2000,1975,1955,1901,1909,1927,1967
Moški,Loški Potok,1015,1005,988,1017,1009,994,982,977,981,975,964,958,951,946,932,933,929,921,932,930,920,921,906,915
Moški,Lovrenc na Pohorju,1587,1582,1565,1562,1566,1561,1557,1565,1574,1579,1564,1574,1571,1563,1561,1549,1548,1556,1538,1527,1533,1527,1522,1519
Moški,Luèe,801,802,776,778,787,785,772,774,768,763,763,762,754,755,755,755,752,754,752,751,742,752,744,739
Moški,Lukovica,2676,2710,2755,2792,2810,2821,2803,2794,2805,2808,2815,2817,2847,2861,2867,2877,2881,2904,2906,2905,2912,2922,2946,2981
Moški,Majšperk,2039,2020,2023,2071,2079,2095,2053,2050,2037,2025,2008,2001,1994,1992,1984,1996,2018,2024,2048,2064,2069,2094,2105,2116
Moški,Makole,1052,1035,1044,1033,1045,1041,1038,1028,1041,1035,1026,1016,1015,1024,1032,1022,1029,1030,1015,1018,1018,1010,1023,1031
Moški,Maribor,54459,54048,54736,54955,54742,54385,54331,54118,54369,54118,54335,54319,54785,54779,55092,54923,54895,54088,54317,54083,54317,54297,55267,55439
Moški,Markovci,1949,1944,1938,1948,1967,1950,1949,1949,1954,1968,1976,1986,1952,1944,1942,1950,1965,1977,1967,1969,1968,1964,1969,1967
Moški,Medvode,7393,7388,7431,7595,7662,7680,7680,7726,7685,7753,7812,7826,7823,7874,7894,7886,7909,7954,8033,8095,8072,8128,8221,8257
Moški,Mengeš,3369,3462,3488,3515,3528,3530,3525,3557,3546,3556,3587,3614,3629,3621,3652,3667,3686,3699,3724,3784,3811,3874,3945,3995
Moški,Metlika,4212,4187,4183,4222,4223,4218,4218,4221,4224,4207,4228,4238,4251,4255,4247,4250,4244,4228,4226,4247,4247,4249,4275,4297
Moški,Mežica,1923,1872,1863,1854,1849,1847,1846,1842,1832,1834,1824,1808,1805,1808,1822,1827,1820,1813,1813,1814,1798,1807,1829,1833
Moški,Miklavž na Dravskem polju,3090,3052,3092,3109,3114,3088,3105,3103,3154,3167,3158,3169,3174,3163,3175,3175,3210,3233,3251,3285,3249,3268,3393,3476
Moški,Miren - Kostanjevica,2392,2386,2427,2476,2450,2438,2426,2434,2418,2409,2421,2418,2412,2430,2420,2425,2422,2426,2436,2431,2439,2462,2504,2513
Moški,Mirna,-,-,-,-,-,-,-,-,1295,1269,1275,1277,1263,1253,1251,1245,1248,1249,1263,1272,1286,1297,1317,1321
Moški,Mirna Peè,1395,1387,1397,1399,1401,1407,1418,1418,1428,1440,1442,1455,1459,1463,1470,1480,1492,1505,1509,1522,1514,1498,1510,1520
Moški,Mislinja,2378,2376,2360,2362,2352,2359,2368,2363,2351,2362,2368,2349,2336,2340,2314,2298,2279,2291,2280,2284,2262,2280,2278,2286
Moški,Mokronog - Trebelno,1485,1432,1451,1450,1452,1449,1457,1468,1473,1485,1472,1491,1506,1510,1506,1498,1506,1504,1512,1490,1508,1551,1520,1541
Moški,Moravèe,2371,2388,2391,2409,2427,2457,2486,2520,2518,2533,2553,2572,2583,2592,2595,2610,2620,2609,2639,2658,2643,2658,2699,2706
Moški,Moravske Toplice,3093,3003,2986,2996,2987,2994,2987,2976,2972,2959,2920,2916,2907,2916,2914,2938,2920,2907,2902,2912,2911,2917,2912,2933
Moški,Mozirje,2025,2010,2024,2033,2025,2026,2033,2015,2016,2017,2035,2021,2062,2077,2041,1994,1995,2006,2006,2005,2007,2022,2019,2027
Moški,Murska Sobota,9348,9230,9194,9186,9148,9095,9142,9130,9127,9085,9099,9052,9020,9015,9052,9037,9021,8991,8951,8951,8880,8901,8904,8932
Moški,Muta,1848,1803,1783,1786,1779,1780,1768,1758,1742,1735,1734,1723,1719,1712,1703,1698,1697,1698,1704,1700,1709,1702,1705,1729
Moški,Naklo,2560,2539,2566,2595,2609,2609,2628,2640,2627,2639,2658,2653,2633,2636,2622,2633,2623,2647,2668,2651,2671,2657,2723,2717
Moški,Nazarje,1335,1295,1283,1286,1289,1315,1309,1302,1308,1323,1334,1322,1313,1308,1325,1311,1315,1300,1306,1319,1311,1315,1321,1313
Moški,Nova Gorica,15987,15666,15730,15850,15890,15837,15895,15775,15760,15695,15690,15620,15660,15657,15659,15665,15693,15689,15720,15705,15648,15711,15852,15999
Moški,Novo mesto,17846,17604,17711,17944,18010,18174,18191,18136,18146,18133,18022,17993,18061,17973,18048,18036,18101,18138,18141,18112,18103,18411,18543,18750
Moški,Odranci,874,848,848,849,851,853,853,844,839,832,823,820,819,824,831,826,821,814,808,814,801,807,814,817
Moški,Oplotnica,1982,1978,1973,1983,1988,1984,1984,1975,2002,2027,2022,2020,2043,2046,2038,2052,2059,2081,2081,2089,2099,2111,2104,2109
Moški,Ormož,6455,6265,6238,6263,6290,6318,6292,6271,6246,6227,6227,6238,6215,6210,6220,6214,6175,6148,6112,6100,6074,6034,5987,6005
Moški,Osilnica,232,226,226,224,219,220,219,222,228,230,223,215,213,208,208,205,201,203,204,201,202,200,199,200
Moški,Pesnica,3818,3818,3805,3826,3813,3836,3812,3794,3777,3745,3783,3790,3785,3792,3783,3751,3706,3721,3708,3741,3747,3716,3722,3763
Moški,Piran/Pirano,8485,8402,8473,8627,8713,8718,8637,8643,8612,8650,8783,8761,8709,8752,8783,8790,8759,8775,8741,8679,8615,8615,8686,8725
Moški,Pivka,3045,3009,3009,3025,2994,3017,3029,3032,3047,3048,3076,3098,3068,3079,3084,3101,3105,3105,3109,3100,3109,3152,3192,3219
Moški,Podèetrtek,1649,1629,1632,1653,1667,1659,1672,1684,1672,1680,1675,1678,1683,1680,1687,1698,1694,1698,1711,1708,1712,1739,1754,1759
Moški,Podlehnik,957,944,944,939,946,949,952,942,927,947,946,932,939,930,911,903,912,927,987,987,983,971,942,911
Moški,Podvelka,1365,1328,1331,1337,1330,1325,1325,1322,1317,1298,1288,1273,1275,1260,1248,1246,1236,1226,1215,1218,1217,1214,1215,1209
Moški,Poljèane,2070,2117,2144,2155,2169,2169,2159,2154,2164,2175,2176,2151,2165,2159,2150,2141,2130,2139,2153,2141,2110,2122,2154,2165
Moški,Polzela,2777,2798,2842,2860,2869,2882,2900,2892,2888,2930,2910,2943,2942,2959,2956,2973,2982,2980,2991,3006,2992,3026,3024,3039
Moški,Postojna,7786,7840,7813,7910,7866,7877,7875,7872,7855,7875,7869,7918,7943,7986,8005,8034,8071,8121,8148,8151,8155,8080,8109,8253
Moški,Prebold,2254,2253,2284,2318,2355,2377,2430,2485,2487,2490,2531,2518,2486,2492,2503,2500,2494,2513,2516,2503,2515,2503,2537,2571
Moški,Preddvor,1635,1706,1703,1684,1677,1703,1714,1716,1714,1724,1725,1724,1735,1736,1750,1731,1739,1747,1750,1742,1747,1776,1804,1810
Moški,Prevalje,3369,3346,3336,3364,3388,3393,3394,3381,3367,3370,3361,3344,3341,3305,3338,3327,3326,3343,3320,3334,3362,3390,3390,3399
Moški,Ptuj,11552,11455,11522,11576,11552,11542,11498,11516,11454,11441,11388,11399,11379,11375,11407,11432,11429,11490,11489,11461,11489,11579,11634,11808
Moški,Puconci,3005,2966,2959,2958,2956,2962,2952,2966,2973,2961,2956,2964,2943,2932,2925,2931,2925,2919,2908,2903,2894,2900,2882,2893
Moški,Raèe - Fram,3197,3197,3235,3273,3327,3353,3396,3433,3428,3460,3483,3487,3483,3497,3508,3495,3536,3572,3565,3535,3600,3630,3680,3708
Moški,Radeèe,2244,2220,2233,2237,2228,2227,2207,2220,2193,2197,2175,2154,2135,2125,2118,2132,2110,2097,2090,2075,2076,2069,2066,2048
Moški,Radenci,2583,2559,2555,2580,2606,2581,2606,2567,2523,2555,2577,2565,2564,2581,2550,2549,2525,2506,2520,2544,2533,2528,2508,2521
Moški,Radlje ob Dravi,3146,3112,3107,3140,3137,3125,3155,3186,3204,3193,3179,3177,3156,3156,3162,3156,3142,3145,3139,3143,3134,3147,3150,3137
Moški,Radovljica,8929,8961,8955,8975,9041,9076,9067,9108,9118,9158,9128,9108,9115,9146,9146,9142,9158,9151,9152,9191,9170,9206,9275,9292
Moški,Ravne na Koroškem,6059,5932,5886,5862,5858,5862,5828,5812,5758,5774,5758,5736,5709,5698,5717,5715,5722,5720,5720,5724,5700,5697,5764,5815
Moški,Razkrižje,656,657,651,658,657,660,665,673,674,668,665,671,654,653,660,665,646,653,656,645,643,652,652,653
Moški,Reèica ob Savinji,1150,1143,1156,1165,1168,1163,1161,1167,1168,1184,1186,1206,1205,1211,1203,1210,1204,1204,1206,1203,1193,1201,1231,1253
Moški,Renèe - Vogrsko,2164,2106,2156,2193,2193,2196,2191,2183,2171,2164,2181,2193,2200,2185,2182,2198,2199,2202,2200,2178,2165,2182,2195,2209
Moški,Ribnica,4674,4613,4646,4647,4676,4681,4689,4714,4703,4713,4712,4714,4749,4751,4734,4733,4738,4767,4770,4779,4772,4794,4845,4853
Moški,Ribnica na Pohorju,632,630,626,636,636,634,624,618,609,609,607,605,604,608,598,596,592,585,582,581,567,574,573,572
Moški,Rogaška Slatina,5572,5527,5573,5610,5604,5573,5543,5564,5554,5543,5556,5511,5484,5515,5538,5532,5479,5543,5547,5562,5564,5640,5624,5669
Moški,Rogašovci,1579,1559,1565,1557,1561,1559,1556,1559,1563,1553,1556,1564,1554,1539,1531,1519,1527,1519,1508,1507,1511,1509,1513,1515
Moški,Rogatec,1551,1522,1536,1548,1568,1567,1564,1565,1556,1567,1560,1561,1552,1563,1555,1559,1541,1536,1524,1517,1521,1521,1545,1580
Moški,Ruše,3758,3711,3756,3738,3723,3710,3712,3692,3677,3671,3654,3642,3627,3629,3596,3601,3609,3576,3575,3586,3555,3554,3545,3540
Moški,Selnica ob Dravi,2249,2248,2268,2273,2255,2247,2259,2267,2284,2288,2277,2242,2242,2256,2275,2288,2290,2276,2257,2251,2265,2261,2277,2271
Moški,Semiè,1924,1898,1878,1881,1889,1917,1938,1943,1958,1956,1941,1937,1923,1912,1918,1931,1924,1939,1940,1934,1927,1921,1953,1975
Moški,Sevnica,8778,8797,8871,8883,8879,8873,8847,8855,8856,8825,8831,8835,8807,8869,8865,8910,8909,8892,8877,8883,8882,8944,8966,9034
Moški,Sežana,6457,6392,6418,6536,6563,6510,6532,6556,6611,6581,6565,6556,6587,6616,6585,6569,6585,6627,6667,6687,6675,6702,6802,6864
Moški,Slovenj Gradec,8515,8303,8289,8358,8411,8400,8370,8426,8410,8383,8408,8454,8414,8392,8391,8366,8325,8297,8283,8269,8259,8301,8335,8343
Moški,Slovenska Bistrica,12072,12044,12091,12147,12243,12304,12340,12428,12501,12493,12487,12482,12484,12487,12533,12551,12538,12540,12572,12554,12596,12630,12685,12793
Moški,Slovenske Konjice,7329,7262,7297,7314,7274,7225,7226,7268,7276,7287,7281,7310,7309,7364,7396,7407,7438,7446,7523,7547,7595,7631,7669,7727
Moški,Sodražica,1139,1127,1118,1124,1128,1125,1113,1118,1113,1129,1117,1110,1121,1111,1115,1105,1112,1111,1110,1104,1104,1109,1102,1114
Moški,Solèava,265,255,248,252,256,259,262,259,254,253,249,252,259,257,250,248,256,256,258,255,254,256,253,255
Moški,Središèe ob Dravi,1101,1050,1061,1057,1056,1048,1045,1040,1044,1047,1037,1025,1027,1026,1006,996,1008,1012,998,983,981,991,996,995
Moški,Starše,1994,1980,1993,2022,2015,2034,2041,2050,2022,1998,2003,2001,1997,1991,1977,1975,1973,1968,1944,1945,1936,1942,1948,1982
Moški,Straža,1886,1870,1877,1878,1884,1888,1899,1900,1915,1919,1940,1923,1914,1893,1890,1895,1914,1923,1920,1947,1954,1996,2010,2025
Moški,Sveta Ana,1170,1173,1164,1155,1168,1174,1164,1164,1164,1164,1163,1174,1166,1169,1156,1148,1162,1151,1145,1137,1136,1137,1143,1147
Moški,Sveta Trojica v Slov. goricah,1166,1133,1112,1126,1082,1066,1070,1064,1069,1066,1063,1049,1056,1045,1044,1056,1049,1053,1062,1060,1058,1051,1066,1070
Moški,Sveti Andraž v Slov. goricah,623,605,605,607,609,614,617,604,600,588,581,590,596,591,597,606,598,595,594,591,599,609,612,617
Moški,Sveti Jurij ob Šèavnici,1468,1450,1435,1431,1440,1448,1426,1439,1434,1437,1438,1450,1435,1448,1449,1441,1437,1427,1414,1421,1418,1405,1405,1390
Moški,Sveti Jurij v Slov. goricah,1086,1067,1068,1073,1069,1068,1054,1066,1065,1069,1079,1069,1056,1059,1061,1059,1055,1058,1066,1048,1046,1054,1069,1070
Moški,Sveti Tomaž,1082,1031,1022,1034,1033,1029,1029,1040,1033,1029,1021,1018,1016,1013,1004,1010,1015,1011,999,1005,1005,1008,1007,1004
Moški,Šalovci,798,788,774,773,766,767,765,761,749,739,738,748,725,724,716,711,707,712,712,706,710,706,703,698
Moški,Šempeter - Vrtojba,3237,3175,3184,3209,3232,3205,3188,3198,3182,3175,3157,3176,3119,3109,3096,3122,3115,3126,3097,3079,3077,3090,3098,3109
Moški,Šenèur,3992,4021,4081,4171,4199,4213,4217,4194,4214,4218,4215,4206,4231,4269,4287,4266,4273,4314,4310,4323,4307,4300,4342,4432
Moški,Šentilj,4203,4162,4168,4155,4154,4152,4160,4141,4183,4186,4228,4219,4182,4178,4162,4128,4123,4176,4147,4178,4298,4230,4209,4181
Moški,Šentjernej,3338,3306,3321,3348,3354,3376,3378,3435,3454,3462,3465,3489,3498,3517,3523,3503,3517,3523,3579,3585,3556,3580,3607,3633
Moški,Šentjur,9338,9286,9337,9338,9364,9390,9386,9383,9398,9433,9407,9407,9446,9455,9469,9482,9465,9452,9470,9490,9451,9494,9565,9654
Moški,Šentrupert,1185,1211,1634,1645,1628,1637,1641,1640,1651,1642,1677,1705,1723,1747,1728,1750,1741,1724,1675,1695,1687,1703,1754,1781
Moški,Škocjan,1607,1580,1581,1626,1664,1637,1628,1618,1614,1603,1615,1623,1633,1649,1631,1632,1632,1642,1667,1668,1669,1682,1695,1717
Moški,Škofja Loka,11065,11069,11160,11166,11133,11095,11128,11154,11202,11223,11220,11191,11247,11256,11237,11246,11250,11252,11259,11230,11246,11305,11367,11426
Moški,Škofljica,4047,4145,4189,4292,4336,4493,4559,4613,4664,4735,4827,4838,4927,5024,5095,5182,5266,5381,5421,5463,5527,5505,5559,5706
Moški,Šmarje pri Jelšah,4851,4861,4897,4928,4967,4967,5014,5029,5040,5041,5046,5068,5031,5064,5047,5068,5108,5089,5092,5119,5098,5132,5127,5124
Moški,Šmarješke Toplice,1532,1557,1578,1577,1591,1584,1573,1555,1548,1572,1586,1605,1620,1639,1617,1628,1627,1642,1634,1632,1649,1661,1684,1721
Moški,Šmartno ob Paki,1553,1550,1549,1554,1576,1593,1585,1590,1615,1617,1615,1615,1613,1623,1619,1614,1622,1615,1597,1603,1615,1622,1637,1649
Moški,Šmartno pri Litiji,2700,2716,2730,2730,2729,2729,2745,2743,2767,2815,2818,2831,2794,2805,2792,2815,2817,2815,2810,2807,2814,2827,2844,2864
Moški,Šoštanj,4397,4256,4277,4369,4452,4472,4446,4508,4538,4510,4505,4550,4582,4531,4481,4472,4471,4456,4435,4458,4404,4426,4445,4455
Moški,Štore,2200,2152,2183,2174,2196,2200,2170,2177,2185,2180,2164,2169,2138,2113,2125,2121,2117,2108,2122,2134,2139,2190,2455,2400
Moški,Tabor,754,764,755,758,764,778,807,807,813,821,806,827,821,817,838,841,841,840,847,846,856,856,854,856
Moški,Tišina,2080,2043,2034,2045,2049,2048,2038,2053,2039,2033,2034,2033,2029,2019,2006,1998,1987,1995,1983,1969,1966,1960,1957,1960
Moški,Tolmin,5951,5863,5833,5825,5830,5812,5808,5809,5817,5834,5793,5799,5749,5734,5726,5704,5702,5703,5678,5670,5638,5618,5603,5577
Moški,Trbovlje,8691,8573,8595,8603,8574,8515,8414,8398,8338,8292,8268,8225,8113,8061,8007,8011,7968,7943,7926,7888,7833,7834,7827,7847
Moški,Trebnje,7147,7217,7391,7577,7542,7514,7478,7465,6145,6201,6166,6154,6138,6129,6209,6230,6280,6337,6393,6441,6480,6587,6648,6722
Moški,Trnovska vas,664,674,668,664,668,681,680,680,683,691,693,697,696,679,681,686,699,703,713,710,702,704,700,691
Moški,Trzin,1815,1820,1841,1868,1888,1871,1893,1885,1879,1885,1907,1895,1882,1879,1901,1901,1912,1923,1913,1923,1905,1914,1942,1939
Moški,Tržiè,7574,7528,7547,7599,7566,7573,7524,7535,7524,7508,7487,7480,7467,7442,7422,7372,7330,7303,7322,7296,7279,7290,7372,7402
Moški,Turnišèe,1680,1649,1637,1644,1650,1647,1648,1657,1653,1630,1633,1626,1620,1608,1611,1606,1609,1605,1596,1587,1592,1577,1577,1572
Moški,Velenje,17553,16954,16989,17044,16961,16815,16651,16662,16715,16715,16744,16851,16812,16676,16600,16554,16541,16628,16564,16654,16614,16718,16969,17104
Moški,Velika Polana,741,727,730,721,710,710,725,727,731,730,729,722,718,705,707,717,724,710,721,719,720,714,710,711
Moški,Velike Lašèe,2079,2064,2108,2122,2140,2140,2140,2158,2167,2172,2173,2152,2153,2130,2123,2149,2182,2174,2184,2193,2187,2185,2212,2243
Moški,Veržej,646,661,655,655,656,650,642,636,636,638,644,639,636,629,641,639,646,640,652,640,644,643,638,641
Moški,Videm,2824,2803,2825,2848,2836,2843,2848,2833,2859,2874,2860,2842,2861,2834,2827,2810,2835,2868,2874,2889,2916,2942,2946,2965
Moški,Vipava,2693,2674,2628,2679,2650,2674,2677,2746,2784,2766,2759,2762,2782,2794,2795,2802,2784,2779,2788,2796,2785,2790,2807,2828
Moški,Vitanje,1176,1169,1166,1184,1185,1179,1180,1182,1187,1177,1171,1171,1157,1160,1172,1173,1180,1184,1178,1187,1174,1191,1190,1187
Moški,Vodice,2095,2131,2162,2209,2243,2257,2285,2321,2331,2348,2363,2377,2389,2351,2372,2390,2393,2399,2418,2435,2447,2477,2514,2505
Moški,Vojnik,4120,4108,4117,4167,4165,4154,4159,4184,4181,4214,4198,4199,4230,4279,4291,4279,4285,4310,4311,4311,4314,4357,4401,4429
Moški,Vransko,1244,1243,1240,1276,1283,1258,1267,1285,1286,1294,1297,1292,1282,1285,1292,1298,1293,1289,1284,1292,1294,1310,1309,1314
Moški,Vrhnika,7549,7667,7812,7935,7975,7970,8043,8110,8113,8143,8179,8210,8191,8224,8283,8316,8351,8320,8388,8453,8435,8477,8616,8765
Moški,Vuzenica,1409,1393,1397,1400,1397,1383,1362,1355,1349,1356,1373,1373,1370,1378,1364,1375,1350,1346,1335,1338,1345,1352,1339,1334
Moški,Zagorje ob Savi,8401,8383,8364,8385,8384,8391,8384,8376,8363,8343,8321,8302,8278,8252,8231,8223,8200,8213,8197,8188,8162,8164,8150,8172
Moški,Zavrè,792,782,784,795,862,872,874,887,917,963,999,1080,1069,1050,1029,1019,1035,1092,1132,1115,1093,930,858,861
Moški,Zreèe,3384,3332,3330,3339,3322,3301,3296,3305,3292,3281,3287,3280,3250,3246,3268,3272,3252,3258,3258,3265,3264,3268,3294,3343
Moški,Žalec,10493,10493,10548,10624,10696,10716,10687,10714,10722,10707,10684,10673,10609,10585,10590,10623,10607,10590,10615,10588,10579,10648,10693,10792
Moški,Železniki,3479,3457,3449,3450,3438,3442,3455,3466,3471,3493,3476,3492,3459,3441,3448,3450,3447,3436,3428,3442,3451,3443,3464,3471
Moški,Žetale,730,716,703,705,706,695,690,697,710,704,696,699,692,688,681,672,673,669,676,671,673,679,682,692
Moški,Žiri,2427,2407,2397,2406,2400,2400,2400,2390,2392,2416,2389,2386,2356,2367,2375,2376,2414,2406,2401,2423,2426,2435,2445,2477
Moški,Žirovnica,2108,2120,2139,2143,2160,2170,2181,2183,2195,2209,2199,2176,2185,2191,2168,2170,2167,2172,2178,2195,2202,2199,2190,2185
Moški,Žužemberk,2298,2278,2286,2281,2288,2285,2290,2298,2312,2305,2309,2308,2306,2318,2302,2314,2321,2315,2334,2341,2344,2350,2354,2372
Ženske,Ajdovšèina,9286,9241,9180,9215,9232,9236,9298,9321,9372,9416,9385,9404,9305,9322,9366,9397,9426,9437,9434,9466,9431,9414,9424,9419
Ženske,Ankaran/Ancarano,-,-,-,-,-,-,-,-,-,-,-,-,-,-,1634,1656,1657,1652,1643,1641,1645,1657,1652,1661
Ženske,Apaèe,1843,1829,1832,1821,1814,1827,1843,1825,1830,1827,1819,1822,1823,1811,1806,1790,1802,1793,1785,1795,1791,1760,1761,1771
Ženske,Beltinci,4366,4248,4243,4273,4250,4249,4234,4214,4209,4205,4170,4194,4184,4175,4131,4139,4135,4138,4124,4130,4093,4084,4053,4058
Ženske,Benedikt,1112,1123,1128,1139,1149,1155,1159,1193,1197,1193,1191,1218,1221,1227,1220,1225,1250,1254,1249,1264,1258,1280,1282,1263
Ženske,Bistrica ob Sotli,735,723,713,719,716,718,729,726,716,709,701,703,698,694,691,685,680,690,681,683,677,676,664,667
Ženske,Bled,4219,4161,4156,4152,4157,4151,4171,4166,4171,4196,4181,4167,4168,4154,4158,4146,4109,4073,4074,4049,4031,4005,3992,3970
Ženske,Bloke,760,749,739,738,739,743,739,743,744,747,737,736,726,721,712,699,716,720,703,709,715,715,722,726
Ženske,Bohinj,2702,2656,2644,2665,2674,2662,2655,2635,2612,2616,2609,2609,2600,2596,2587,2591,2583,2579,2589,2571,2550,2550,2543,2541
Ženske,Borovnica,1982,1964,1961,1954,1956,1967,1972,1984,1998,1994,1996,2028,2081,2113,2123,2128,2124,2140,2168,2171,2182,2195,2217,2238
Ženske,Bovec,1693,1625,1612,1620,1617,1638,1650,1631,1628,1636,1621,1613,1582,1585,1584,1584,1585,1576,1570,1557,1547,1547,1546,1554
Ženske,Braslovèe,2632,2605,2617,2624,2622,2649,2644,2664,2695,2709,2709,2713,2716,2703,2711,2727,2722,2739,2757,2758,2729,2745,2729,2760
Ženske,Brda,2890,2828,2831,2841,2893,2903,2906,2899,2899,2907,2895,2910,2886,2882,2858,2864,2862,2860,2831,2822,2816,2798,2798,2811
Ženske,Brezovica,5193,5244,5305,5397,5438,5535,5594,5649,5761,5844,5881,5926,5973,6002,6043,6047,6069,6090,6125,6139,6152,6215,6241,6266
Ženske,Brežice,12486,12383,12346,12378,12388,12376,12363,12389,12360,12369,12369,12386,12287,12295,12264,12286,12297,12262,12260,12259,12207,12196,12138,12130
Ženske,Cankova,1039,998,990,980,979,977,977,980,968,979,977,966,944,939,931,925,919,916,913,908,892,890,884,876
Ženske,Celje,25190,24753,24869,24795,24673,24728,24688,24744,24810,24761,24717,24776,24710,24708,24640,24723,24732,24738,24790,24714,24625,24650,24670,24657
Ženske,Cerklje na Gorenjskem,3412,3428,3441,3465,3495,3542,3557,3576,3617,3650,3646,3663,3659,3663,3661,3681,3739,3766,3795,3796,3814,3796,3802,3835
Ženske,Cerknica,5500,5479,5505,5508,5551,5530,5546,5604,5594,5613,5593,5622,5607,5641,5654,5669,5674,5675,5677,5706,5683,5683,5688,5712
Ženske,Cerkno,2503,2377,2353,2351,2348,2357,2344,2333,2346,2344,2344,2351,2314,2299,2295,2287,2274,2253,2250,2247,2254,2260,2261,2251
Ženske,Cerkvenjak,1020,992,986,982,989,990,979,970,982,999,987,984,977,974,985,982,972,969,977,979,966,964,963,970
Ženske,Cirkulane,1192,1154,1138,1152,1164,1141,1129,1122,1133,1137,1131,1125,1137,1132,1123,1110,1094,1097,1106,1099,1078,1081,1085,1082
Ženske,Èrenšovci,2166,2091,2082,2071,2065,2070,2050,2061,2066,2052,2021,2015,2011,2019,2015,2005,2010,2012,1991,1989,1974,1982,1979,1980
Ženske,Èrna na Koroškem,1769,1819,1785,1785,1769,1760,1742,1721,1715,1714,1687,1680,1662,1651,1650,1644,1632,1630,1628,1639,1637,1634,1625,1611
Ženske,Èrnomelj,7382,7337,7317,7295,7299,7299,7260,7285,7288,7277,7255,7236,7175,7165,7178,7143,7074,7093,7101,7059,7048,7035,6994,6997
Ženske,Destrnik,1367,1359,1338,1344,1343,1309,1323,1324,1322,1299,1291,1305,1297,1283,1273,1261,1253,1254,1248,1244,1260,1268,1264,1281
Ženske,Divaèa,1851,1826,1840,1835,1854,1855,1839,1857,1877,1865,1865,1889,1876,1871,1875,1870,1894,1916,1918,1943,1951,1952,1991,2020
Ženske,Dobje,512,498,493,490,492,492,499,498,496,492,492,494,497,508,515,507,511,516,500,502,501,500,497,501
Ženske,Dobrepolje,1819,1854,1904,1897,1915,1916,1910,1916,1921,1925,1917,1927,1928,1921,1920,1896,1898,1890,1862,1873,1865,1843,1841,1827
Ženske,Dobrna,1070,1053,1066,1053,1067,1078,1070,1064,1063,1068,1076,1078,1091,1083,1067,1074,1084,1098,1100,1094,1087,1097,1097,1099
Ženske,Dobrova - Polhov Gradec,3578,3573,3602,3628,3627,3642,3650,3691,3709,3730,3763,3758,3743,3763,3783,3791,3778,3794,3811,3827,3825,3810,3838,3855
Ženske,Dobrovnik/Dobronak,726,711,701,700,698,695,706,714,707,699,687,666,661,662,656,654,667,658,656,665,671,670,665,670
Ženske,Dol pri Ljubljani,2605,2636,2639,2663,2688,2706,2742,2766,2773,2811,2835,2866,2886,2907,2918,2943,2970,2984,2990,3003,3012,3078,3123,3167
Ženske,Dolenjske Toplice,1719,1703,1706,1708,1697,1707,1715,1700,1700,1703,1705,1707,1703,1702,1684,1682,1692,1688,1704,1713,1715,1718,1710,1730
Ženske,Domžale,16683,16747,16909,16984,17066,17131,17195,17319,17347,17437,17487,17552,17626,17728,17812,17862,17911,18041,18069,18141,18132,18244,18370,18427
Ženske,Dornava,1355,1451,1445,1465,1466,1450,1451,1458,1473,1462,1443,1449,1431,1436,1447,1442,1423,1425,1432,1426,1426,1424,1406,1405
Ženske,Dravograd,4421,4505,4480,4491,4483,4504,4480,4496,4508,4503,4470,4445,4436,4418,4412,4426,4422,4467,4433,4436,4410,4410,4396,4417
Ženske,Duplek,3283,3288,3321,3343,3360,3374,3388,3407,3408,3400,3405,3416,3415,3437,3448,3448,3423,3465,3495,3492,3532,3524,3551,3546
Ženske,Gorenja vas - Poljane,3604,3568,3578,3587,3619,3644,3666,3665,3670,3676,3660,3670,3656,3660,3675,3707,3694,3727,3729,3738,3739,3722,3723,3722
Ženske,Gorišnica,1988,1972,2007,2019,2026,2034,2029,2032,2038,2022,2006,2023,2014,2002,2012,2003,1997,2004,2011,2015,2009,2006,1999,2005
Ženske,Gorje,1474,1459,1462,1454,1464,1469,1481,1467,1466,1444,1432,1436,1428,1429,1403,1388,1396,1404,1402,1403,1397,1381,1372,1373
Ženske,Gornja Radgona,4443,4427,4394,4407,4398,4371,4376,4395,4372,4368,4326,4285,4307,4321,4300,4275,4273,4271,4260,4242,4233,4231,4222,4207
Ženske,Gornji Grad,1313,1360,1374,1375,1381,1380,1379,1373,1366,1370,1354,1331,1331,1311,1290,1273,1262,1262,1261,1262,1269,1275,1269,1267
Ženske,Gornji Petrovci,1210,1180,1154,1158,1155,1144,1134,1135,1121,1115,1104,1096,1078,1081,1060,1057,1049,1049,1053,1042,1024,1005,1001,1002
Ženske,Grad,1178,1152,1134,1137,1134,1134,1137,1137,1126,1117,1119,1114,1109,1101,1103,1094,1097,1081,1067,1065,1057,1052,1041,1038
Ženske,Grosuplje,8934,9136,9196,9245,9305,9413,9456,9522,9623,9669,9717,9766,9793,9846,9877,9896,9940,9976,9999,10042,10082,10121,10161,10237
Ženske,Hajdina,1931,1889,1889,1887,1898,1873,1893,1882,1878,1891,1889,1892,1882,1892,1889,1891,1878,1874,1889,1887,1889,1884,1878,1896
Ženske,Hoèe - Slivnica,5310,5282,5340,5351,5389,5440,5429,5454,5483,5523,5527,5507,5544,5536,5518,5487,5530,5556,5556,5533,5557,5583,5583,5596
Ženske,Hodoš/Hodos,176,171,166,165,164,162,163,168,198,198,193,188,188,195,190,189,193,188,188,185,183,181,177,177
Ženske,Horjul,1363,1437,1432,1444,1450,1451,1452,1458,1449,1463,1463,1465,1464,1475,1480,1485,1509,1504,1503,1507,1521,1524,1521,1516
Ženske,Hrastnik,5361,5281,5253,5230,5209,5174,5145,5114,5083,5037,4962,4940,4885,4851,4815,4758,4736,4736,4712,4672,4664,4662,4632,4621
Ženske,Hrpelje - Kozina,2030,1969,2007,2025,2045,2042,2045,2082,2081,2110,2117,2101,2078,2080,2132,2146,2168,2176,2175,2176,2162,2166,2184,2191
Ženske,Idrija,5975,6012,5999,5999,5985,5993,5973,6003,5999,5985,5955,5987,5960,5962,5960,5931,5950,5930,5880,5874,5874,5836,5817,5817
Ženske,Ig,3014,3129,3182,3228,3257,3319,3341,3405,3420,3456,3487,3476,3498,3540,3562,3554,3573,3597,3655,3683,3681,3720,3720,3761
Ženske,Ilirska Bistrica,7115,7012,6988,6975,6964,6966,6943,6964,6947,6907,6912,6916,6890,6877,6828,6814,6781,6740,6713,6695,6649,6626,6601,6573
Ženske,Ivanèna Gorica,7310,7342,7479,7517,7575,7618,7659,7761,7771,7812,7825,7859,7864,7894,7952,7976,7960,8014,8079,8081,8103,8126,8173,8203
Ženske,Izola/Isola,7770,7872,7925,7930,7919,7879,7892,7923,7988,7996,7994,7974,7994,8000,8049,8065,8121,8081,8139,8149,8153,8158,8249,8240
Ženske,Jesenice,10905,10848,10874,10854,10818,10812,10803,10744,10717,10700,10692,10670,10649,10577,10517,10457,10419,10351,10357,10320,10327,10310,10369,10413
Ženske,Jezersko,346,339,328,337,340,341,336,333,320,319,320,324,328,326,326,325,320,313,313,309,312,311,315,319
Ženske,Juršinci,1164,1164,1142,1146,1151,1137,1163,1169,1162,1184,1174,1168,1174,1168,1167,1173,1167,1155,1158,1155,1149,1141,1146,1146
Ženske,Kamnik,14307,14503,14574,14609,14646,14675,14716,14718,14771,14856,14880,14885,14924,14960,14955,14946,14936,14935,14937,14918,14933,14933,14958,14982
Ženske,Kanal,3017,2917,2933,2920,2903,2904,2879,2845,2811,2798,2786,2769,2744,2734,2712,2715,2694,2673,2650,2653,2633,2630,2637,2629
Ženske,Kidrièevo,3465,3397,3412,3441,3470,3472,3455,3472,3452,3449,3441,3425,3403,3377,3360,3338,3322,3308,3307,3302,3306,3325,3334,3325
Ženske,Kobarid,2259,2146,2128,2107,2107,2124,2113,2101,2089,2101,2089,2086,2069,2056,2053,2065,2059,2050,2057,2060,2051,2040,2024,2012
Ženske,Kobilje,325,320,316,316,313,309,312,319,311,304,296,297,296,296,296,288,280,276,274,272,272,266,262,268
Ženske,Koèevje,8525,8471,8418,8424,8361,8369,8349,8348,8371,8340,8294,8275,8215,8138,8123,8130,8077,8039,7991,7986,7947,7889,7878,7873
Ženske,Komen,1814,1762,1774,1790,1788,1799,1808,1805,1800,1800,1787,1789,1792,1777,1788,1769,1773,1780,1764,1762,1762,1762,1763,1771
Ženske,Komenda,2459,2506,2564,2617,2678,2709,2748,2818,2843,2868,2890,2929,2945,2957,2969,2972,2989,2997,3041,3054,3089,3102,3102,3126
Ženske,Koper/Capodistria,25519,25611,25922,26047,26203,26383,26472,26568,26702,26743,26834,27051,27638,27521,25788,25888,25854,25968,26102,26172,26234,26249,26388,26478
Ženske,Kostanjevica na Krki,1250,1212,1212,1223,1227,1229,1221,1217,1207,1211,1211,1206,1193,1209,1220,1212,1206,1207,1216,1225,1215,1211,1217,1217
Ženske,Kostel,343,313,308,307,322,324,322,311,304,308,309,315,311,307,307,306,302,296,302,304,302,311,305,305
Ženske,Kozje,1697,1642,1625,1633,1629,1630,1627,1619,1605,1594,1580,1579,1550,1546,1543,1538,1535,1528,1515,1503,1505,1509,1499,1502
Ženske,Kranj,27451,27455,27557,27631,27743,27790,27855,27973,28085,28053,28086,28080,28120,28172,28201,28315,28326,28326,28353,28315,28212,28118,28223,28284
Ženske,Kranjska Gora,2774,2702,2696,2681,2663,2667,2655,2679,2687,2690,2689,2680,2695,2706,2678,2690,2675,2675,2662,2635,2599,2603,2596,2598
Ženske,Križevci,1790,1868,1861,1863,1842,1846,1833,1850,1851,1851,1828,1827,1799,1804,1784,1762,1747,1751,1745,1752,1722,1728,1720,1721
Ženske,Krško,12813,12619,12545,12564,12592,12615,12645,12640,12679,12689,12685,12664,12576,12580,12619,12658,12642,12692,12687,12640,12633,12643,12638,12666
Ženske,Kungota,2332,2346,2342,2352,2347,2372,2406,2406,2407,2404,2384,2394,2399,2385,2387,2384,2371,2361,2368,2362,2336,2319,2305,2326
Ženske,Kuzma,846,832,818,828,848,842,818,839,832,811,820,821,818,823,820,822,812,814,809,794,796,807,809,808
Ženske,Laško,7052,7002,6967,6959,6946,6931,6907,6886,6881,6854,6824,6822,6767,6739,6723,6728,6661,6673,6646,6644,6605,6570,6542,6531
Ženske,Lenart,3685,3891,3924,3937,4020,4052,4067,4090,4117,4092,4112,4088,4138,4127,4118,4109,4139,4134,4129,4137,4161,4174,4207,4198
Ženske,Lendava/Lendva,5907,5847,5783,5782,5756,5750,5710,5683,5680,5625,5517,5497,5439,5436,5409,5389,5372,5376,5361,5324,5328,5317,5286,5276
Ženske,Litija,7382,7260,7306,7359,7414,7452,7448,7460,7449,7472,7491,7510,7516,7492,7542,7537,7557,7625,7618,7677,7653,7668,7635,7661
Ženske,Ljubljana,138891,142431,143602,144132,144702,144946,145351,145488,145876,145547,147287,146953,148968,149096,149421,149304,149743,149323,149655,149114,149741,149708,151081,151155
Ženske,Ljubno,1381,1355,1349,1361,1367,1371,1363,1358,1357,1346,1329,1324,1314,1315,1309,1306,1297,1283,1271,1266,1258,1277,1262,1259
Ženske,Ljutomer,6176,6122,6057,6100,6079,6055,6047,6025,6018,5981,5915,5899,5870,5892,5856,5835,5815,5773,5733,5723,5679,5686,5644,5630
Ženske,Log - Dragomer,1754,1747,1766,1770,1775,1789,1784,1799,1799,1800,1804,1821,1794,1780,1797,1806,1796,1800,1821,1817,1812,1829,1830,1826
Ženske,Logatec,6169,6328,6376,6435,6482,6513,6555,6585,6630,6713,6758,6743,6757,6786,6807,6827,6820,6853,6833,6891,6912,6947,6972,7006
Ženske,Loška dolina,1944,1908,1890,1895,1914,1900,1896,1887,1890,1897,1887,1886,1881,1870,1861,1867,1855,1856,1860,1858,1830,1830,1817,1830
Ženske,Loški Potok,1021,981,966,1002,994,993,1000,992,987,976,968,975,949,937,946,941,937,934,931,920,918,909,892,895
Ženske,Lovrenc na Pohorju,1576,1557,1555,1561,1561,1552,1556,1556,1550,1551,1532,1546,1548,1554,1555,1555,1540,1538,1517,1499,1481,1471,1457,1455
Ženske,Luèe,793,789,759,760,778,767,771,767,760,756,751,751,738,727,726,742,743,736,738,729,730,729,718,713
Ženske,Lukovica,2581,2584,2608,2622,2622,2617,2619,2660,2692,2714,2734,2757,2784,2789,2807,2825,2850,2861,2855,2872,2887,2888,2892,2901
Ženske,Majšperk,2107,2051,2022,2042,2018,2019,2010,2007,1991,1994,1972,1975,1938,1943,1968,1995,1968,1972,1968,1949,1952,1934,1937,1951
Ženske,Makole,1054,1023,1045,1047,1057,1048,1033,1048,1039,1020,1011,992,1008,1000,1004,1004,1010,1009,1010,1002,1001,1003,992,994
Ženske,Maribor,56881,57442,58377,57687,57622,57319,57399,57052,57181,56828,57039,56796,57303,57063,57233,56812,56937,56455,56762,56378,56554,56216,56798,56656
Ženske,Markovci,2073,2040,2035,2026,2029,2033,2036,2030,2034,2038,2039,2061,2035,2035,2047,2047,2046,2053,2045,2061,2031,2041,2045,2033
Ženske,Medvode,7486,7586,7637,7679,7731,7786,7862,7924,7933,7955,8031,8024,8045,8063,8069,8093,8123,8169,8203,8251,8290,8360,8352,8394
Ženske,Mengeš,3600,3761,3819,3818,3868,3847,3849,3845,3858,3851,3890,3958,3950,3934,3978,4008,4022,4017,4028,4093,4106,4102,4172,4155
Ženske,Metlika,4246,4237,4196,4231,4217,4206,4198,4193,4191,4179,4145,4156,4155,4140,4153,4145,4138,4126,4099,4108,4092,4096,4100,4100
Ženske,Mežica,1957,1866,1841,1851,1834,1822,1819,1818,1811,1806,1808,1805,1814,1811,1801,1782,1779,1760,1760,1761,1743,1741,1736,1726
Ženske,Miklavž na Dravskem polju,3146,3141,3148,3155,3176,3162,3163,3176,3225,3258,3244,3252,3263,3282,3285,3309,3315,3309,3315,3304,3304,3324,3351,3352
Ženske,Miren - Kostanjevica,2477,2413,2416,2419,2391,2385,2391,2414,2432,2395,2414,2436,2416,2417,2406,2406,2403,2394,2402,2417,2419,2423,2445,2463
Ženske,Mirna,-,-,-,-,-,-,-,-,1314,1304,1302,1300,1291,1303,1272,1274,1267,1277,1292,1304,1289,1291,1299,1301
Ženske,Mirna Peè,1400,1390,1382,1374,1384,1392,1389,1397,1407,1404,1404,1405,1423,1408,1403,1417,1419,1427,1424,1434,1448,1451,1464,1467
Ženske,Mislinja,2370,2342,2343,2328,2333,2329,2325,2323,2298,2307,2298,2296,2286,2290,2279,2282,2298,2299,2281,2296,2295,2277,2266,2275
Ženske,Mokronog - Trebelno,1483,1441,1441,1451,1463,1465,1475,1488,1491,1498,1509,1534,1526,1518,1523,1526,1526,1528,1533,1525,1525,1531,1537,1539
Ženske,Moravèe,2436,2442,2441,2457,2499,2516,2547,2573,2574,2571,2576,2579,2590,2599,2616,2640,2651,2641,2670,2674,2685,2696,2715,2729
Ženske,Moravske Toplice,3122,3079,3028,3033,3014,3000,2996,2994,2990,3002,2988,2978,2955,2944,2939,2956,2927,2924,2929,2918,2915,2896,2900,2920
Ženske,Mozirje,2074,2043,2039,2050,2048,2052,2062,2053,2073,2086,2063,2071,2041,2043,2026,2047,2061,2056,2032,2045,2085,2090,2087,2106
Ženske,Murska Sobota,10331,10268,10239,10250,10261,10239,10204,10183,10186,10135,10089,10062,9996,9920,9921,9898,9903,9932,9919,9907,9854,9851,9826,9810
Ženske,Muta,1815,1763,1745,1749,1740,1745,1740,1754,1746,1751,1723,1714,1704,1714,1696,1681,1667,1675,1685,1687,1673,1675,1678,1678
Ženske,Naklo,2590,2587,2598,2616,2620,2623,2627,2644,2651,2666,2679,2687,2655,2667,2677,2667,2660,2663,2682,2688,2706,2694,2699,2685
Ženske,Nazarje,1338,1313,1284,1296,1293,1281,1292,1299,1296,1289,1290,1280,1260,1264,1256,1243,1267,1287,1276,1279,1277,1285,1302,1295
Ženske,Nova Gorica,16206,16133,16181,16189,16199,16233,16217,16217,16240,16237,16248,16177,16113,16095,16128,16106,16105,16109,16105,16075,15990,15980,15947,15933
Ženske,Novo mesto,17807,17832,17859,17904,17956,18008,18105,18109,18225,18262,18263,18327,18272,18232,18323,18308,18402,18342,18292,18323,18430,18358,18520,18530
Ženske,Odranci,848,833,826,827,839,850,840,840,825,820,814,814,809,822,820,816,816,818,823,818,820,826,827,827
Ženske,Oplotnica,1984,1957,1945,1954,1961,1970,1981,1994,2000,1990,2007,1998,1987,2010,2008,2005,2017,2035,2018,2008,2001,2012,2014,2021
Ženske,Ormož,6658,6458,6353,6375,6363,6364,6347,6332,6329,6333,6299,6269,6204,6214,6188,6185,6141,6140,6101,6085,6038,6043,5955,5963
Ženske,Osilnica,189,176,178,178,184,184,183,177,180,183,173,171,174,166,166,169,171,167,173,168,168,165,170,166
Ženske,Pesnica,3762,3742,3744,3736,3744,3751,3754,3750,3749,3778,3771,3740,3716,3742,3733,3699,3685,3690,3657,3657,3622,3591,3609,3597
Ženske,Piran/Pirano,8904,8829,8865,8931,9022,9096,9080,9044,9031,9025,9099,9038,9044,9031,9074,9068,9070,9048,9041,8988,9028,8998,8985,8967
Ženske,Pivka,3021,2976,2957,2949,2934,2947,2937,2926,2932,2945,2968,2969,2971,2972,2955,2953,2959,2975,2964,2961,2935,2960,2970,2957
Ženske,Podèetrtek,1688,1637,1644,1652,1645,1667,1653,1641,1655,1659,1647,1650,1635,1632,1631,1648,1631,1625,1642,1633,1641,1667,1676,1675
Ženske,Podlehnik,980,978,948,945,945,950,945,934,934,952,927,922,917,908,903,909,906,883,893,889,882,891,875,879
Ženske,Podvelka,1344,1295,1277,1274,1257,1245,1227,1221,1214,1203,1212,1182,1171,1162,1152,1159,1135,1139,1150,1150,1141,1140,1140,1135
Ženske,Poljèane,2228,2373,2381,2393,2403,2410,2408,2400,2413,2399,2380,2349,2304,2297,2303,2303,2291,2297,2279,2271,2250,2267,2277,2294
Ženske,Polzela,2859,2956,3030,3038,3054,3056,3066,3079,3071,3092,3085,3096,3118,3132,3128,3145,3153,3162,3185,3198,3180,3170,3167,3185
Ženske,Postojna,7553,7583,7642,7723,7773,7798,7834,7852,7855,7882,7880,7903,7930,7936,7977,7992,7997,8003,8028,8043,8052,8040,8080,8110
Ženske,Prebold,2352,2311,2315,2367,2379,2411,2486,2556,2511,2507,2521,2501,2516,2504,2496,2503,2513,2537,2551,2551,2553,2549,2547,2554
Ženske,Preddvor,1643,1768,1774,1754,1770,1796,1818,1829,1829,1843,1836,1825,1821,1820,1829,1837,1843,1845,1847,1854,1872,1883,1884,1887
Ženske,Prevalje,3310,3403,3405,3433,3445,3437,3450,3448,3459,3475,3453,3463,3446,3433,3442,3434,3437,3438,3433,3433,3435,3437,3404,3413
Ženske,Ptuj,12177,12196,12177,12165,12106,12187,12131,12177,12148,12084,12016,11923,11850,11830,11746,11719,11700,11647,11628,11651,11673,11635,11623,11635
Ženske,Puconci,3262,3179,3169,3181,3169,3157,3143,3153,3163,3145,3142,3135,3124,3101,3089,3075,3065,3039,3040,3041,3044,3017,2999,2999
Ženske,Raèe - Fram,3275,3237,3293,3321,3383,3391,3424,3475,3477,3528,3538,3528,3545,3543,3566,3567,3569,3581,3585,3605,3647,3662,3691,3725
Ženske,Radeèe,2352,2286,2289,2280,2248,2236,2238,2251,2257,2253,2221,2202,2197,2182,2164,2176,2169,2168,2150,2126,2135,2133,2099,2121
Ženske,Radenci,2693,2647,2641,2690,2700,2689,2698,2685,2654,2675,2675,2671,2652,2652,2649,2647,2613,2637,2640,2614,2618,2630,2600,2586
Ženske,Radlje ob Dravi,3133,3080,3055,3115,3118,3125,3110,3109,3141,3107,3132,3133,3108,3123,3094,3089,3073,3073,3045,3062,3057,3058,3035,3046
Ženske,Radovljica,9655,9736,9743,9729,9776,9794,9791,9824,9798,9791,9742,9724,9733,9729,9746,9682,9658,9672,9670,9708,9702,9696,9750,9761
Ženske,Ravne na Koroškem,6062,5916,5836,5856,5851,5829,5793,5774,5749,5750,5706,5690,5631,5605,5626,5640,5620,5601,5582,5590,5553,5544,5530,5500
Ženske,Razkrižje,690,706,693,692,687,692,688,683,668,674,670,665,642,633,627,636,632,640,633,636,625,622,613,616
Ženske,Reèica ob Savinji,1147,1137,1131,1135,1142,1143,1129,1128,1127,1121,1120,1127,1133,1143,1147,1142,1124,1109,1102,1086,1074,1078,1083,1080
Ženske,Renèe - Vogrsko,2108,2065,2073,2094,2103,2099,2113,2102,2115,2124,2128,2109,2124,2120,2115,2123,2124,2145,2165,2152,2142,2163,2159,2157
Ženske,Ribnica,4643,4587,4659,4671,4676,4657,4644,4649,4637,4626,4604,4604,4604,4595,4587,4599,4609,4629,4620,4606,4605,4630,4638,4660
Ženske,Ribnica na Pohorju,626,615,602,610,617,616,608,601,596,595,591,583,579,581,577,588,588,593,597,601,581,564,555,553
Ženske,Rogaška Slatina,5548,5489,5520,5540,5508,5488,5461,5467,5468,5477,5514,5540,5497,5502,5488,5466,5479,5504,5447,5462,5438,5430,5433,5460
Ženske,Rogašovci,1730,1696,1675,1674,1669,1679,1661,1660,1657,1638,1622,1613,1613,1614,1603,1593,1584,1558,1557,1573,1573,1559,1547,1555
Ženske,Rogatec,1671,1614,1619,1587,1596,1595,1579,1570,1580,1581,1562,1572,1563,1560,1542,1537,1552,1548,1527,1540,1521,1526,1515,1514
Ženske,Ruše,3707,3626,3661,3595,3577,3588,3618,3592,3593,3586,3566,3565,3564,3561,3567,3533,3541,3516,3500,3528,3532,3522,3525,3498
Ženske,Selnica ob Dravi,2301,2295,2295,2291,2286,2274,2272,2270,2265,2264,2255,2243,2217,2234,2246,2246,2232,2218,2213,2211,2215,2217,2217,2208
Ženske,Semiè,1978,1920,1911,1901,1893,1923,1924,1906,1917,1897,1891,1891,1883,1889,1881,1858,1856,1858,1858,1852,1840,1845,1871,1863
Ženske,Sevnica,8716,8847,8778,8762,8767,8758,8748,8705,8703,8687,8629,8635,8607,8635,8616,8634,8601,8591,8592,8601,8564,8558,8571,8552
Ženske,Sežana,6126,6224,6264,6292,6325,6373,6362,6403,6471,6467,6471,6494,6504,6487,6505,6539,6575,6553,6569,6556,6601,6585,6623,6660
Ženske,Slovenj Gradec,8592,8375,8373,8429,8451,8446,8441,8467,8456,8445,8462,8493,8425,8409,8394,8392,8395,8389,8338,8324,8266,8275,8261,8256
Ženske,Slovenska Bistrica,12381,12319,12371,12439,12488,12495,12579,12615,12688,12704,12704,12687,12692,12778,12840,12847,12875,12866,12896,12930,12928,12922,12914,12897
Ženske,Slovenske Konjice,7069,7052,7049,7119,7149,7175,7188,7200,7166,7165,7157,7169,7144,7160,7202,7215,7185,7216,7203,7234,7253,7281,7248,7266
Ženske,Sodražica,1066,1037,1030,1042,1040,1044,1041,1046,1054,1064,1070,1064,1060,1060,1075,1076,1074,1072,1074,1069,1067,1078,1075,1077
Ženske,Solèava,275,268,257,258,259,259,255,259,262,265,269,271,264,261,254,254,258,265,263,266,259,264,261,262
Ženske,Središèe ob Dravi,1173,1088,1081,1094,1090,1085,1085,1093,1091,1077,1073,1053,1032,1036,1033,1040,1034,1017,1021,1015,996,979,961,956
Ženske,Starše,2100,2070,2070,2086,2098,2101,2122,2128,2127,2101,2099,2084,2092,2088,2088,2087,2099,2088,2061,2068,2037,2033,2026,2029
Ženske,Straža,1937,1895,1915,1916,1912,1944,1948,1942,1943,1946,1950,1946,1928,1939,1917,1915,1907,1914,1917,1923,1919,1901,1902,1887
Ženske,Sveta Ana,1208,1211,1204,1193,1202,1193,1174,1171,1173,1180,1179,1169,1164,1163,1169,1168,1157,1168,1164,1153,1150,1134,1142,1150
Ženske,Sveta Trojica v Slov. goricah,1106,1082,1085,1099,1048,1037,1040,1038,1049,1045,1037,1031,1031,1015,1008,1010,1005,1005,1009,1001,1007,1003,1012,1013
Ženske,Sveti Andraž v Slov. goricah,614,617,602,603,600,607,604,591,581,564,557,561,568,565,567,567,562,558,549,553,558,566,568,570
Ženske,Sveti Jurij ob Šèavnici,1501,1463,1434,1436,1451,1458,1468,1454,1460,1457,1452,1446,1426,1435,1438,1445,1426,1429,1413,1425,1412,1416,1401,1398
Ženske,Sveti Jurij v Slov. goricah,1062,1046,1046,1060,1055,1039,1025,1037,1026,1028,1030,1018,1020,1007,1022,1020,1021,1030,1031,1031,1009,1009,1006,1013
Ženske,Sveti Tomaž,1125,1073,1051,1076,1063,1063,1061,1073,1082,1073,1091,1083,1055,1061,1048,1044,1036,1020,1007,1011,1006,1011,1008,994
Ženske,Šalovci,862,840,828,827,824,818,803,794,787,784,783,771,768,764,743,736,730,724,718,716,701,694,689,685
Ženske,Šempeter - Vrtojba,3209,3141,3155,3158,3174,3163,3163,3162,3164,3205,3191,3209,3183,3195,3184,3163,3164,3160,3147,3123,3091,3111,3136,3134
Ženske,Šenèur,4141,4156,4169,4194,4206,4264,4272,4239,4261,4277,4254,4235,4243,4241,4267,4277,4307,4271,4247,4282,4285,4300,4308,4324
Ženske,Šentilj,4319,4248,4258,4268,4265,4268,4254,4235,4239,4243,4239,4258,4258,4222,4229,4216,4216,4241,4224,4188,4223,4222,4229,4210
Ženske,Šentjernej,3407,3360,3373,3378,3373,3385,3401,3428,3428,3436,3443,3450,3448,3445,3467,3468,3476,3494,3515,3524,3506,3527,3518,3524
Ženske,Šentjur,9557,9442,9450,9461,9516,9527,9513,9506,9518,9563,9539,9528,9476,9512,9535,9552,9525,9544,9531,9556,9520,9536,9519,9532
Ženske,Šentrupert,1219,1195,1173,1183,1184,1174,1182,1187,1177,1164,1168,1167,1167,1170,1172,1177,1182,1193,1178,1196,1221,1197,1193,1197
Ženske,Škocjan,1605,1578,1596,1597,1609,1603,1584,1587,1579,1590,1609,1600,1588,1595,1593,1600,1604,1599,1600,1591,1592,1598,1595,1611
Ženske,Škofja Loka,11442,11519,11507,11531,11560,11573,11585,11624,11655,11666,11681,11703,11687,11664,11675,11687,11677,11690,11676,11659,11673,11686,11709,11790
Ženske,Škofljica,4098,4194,4224,4284,4325,4499,4571,4667,4737,4832,4917,4994,5061,5127,5183,5254,5352,5412,5496,5534,5571,5596,5621,5713
Ženske,Šmarje pri Jelšah,4978,5050,5049,5068,5085,5111,5140,5185,5197,5230,5232,5210,5183,5175,5137,5171,5152,5170,5161,5166,5129,5140,5129,5154
Ženske,Šmarješke Toplice,1527,1547,1586,1581,1598,1608,1595,1609,1612,1629,1638,1641,1624,1653,1648,1649,1666,1652,1662,1650,1661,1669,1694,1679
Ženske,Šmartno ob Paki,1594,1578,1567,1563,1588,1570,1576,1577,1585,1603,1603,1618,1610,1615,1609,1609,1618,1615,1606,1609,1609,1622,1624,1622
Ženske,Šmartno pri Litiji,2578,2688,2689,2661,2662,2682,2701,2729,2705,2722,2704,2701,2682,2704,2706,2723,2698,2724,2735,2739,2751,2748,2759,2765
Ženske,Šoštanj,4212,4160,4143,4149,4166,4237,4246,4236,4249,4248,4245,4257,4224,4236,4229,4243,4234,4217,4206,4239,4263,4267,4256,4280
Ženske,Štore,2055,2011,2077,2109,2093,2109,2100,2084,2112,2115,2128,2117,2112,2128,2138,2116,2122,2121,2120,2122,2118,2142,2161,2176
Ženske,Tabor,741,755,755,749,752,766,783,794,801,804,797,807,799,809,817,804,804,803,800,812,812,801,791,803
Ženske,Tišina,2184,2128,2109,2112,2110,2101,2096,2105,2101,2099,2090,2088,2078,2083,2078,2075,2052,2033,2029,2020,2010,2001,1995,2010
Ženske,Tolmin,6000,5957,5897,5877,5886,5862,5826,5817,5811,5812,5785,5771,5712,5696,5659,5632,5579,5553,5533,5548,5509,5490,5470,5454
Ženske,Trbovlje,9070,8998,8950,8922,8906,8861,8780,8736,8680,8646,8620,8589,8515,8501,8483,8450,8371,8339,8295,8261,8219,8207,8191,8190
Ženske,Trebnje,6924,6954,6980,7025,7087,7127,7142,7159,5856,5918,5909,5922,5925,5939,5972,5983,6074,6101,6129,6164,6182,6252,6255,6296
Ženske,Trnovska vas,647,646,644,647,658,666,667,661,669,667,655,649,652,641,635,641,642,651,658,666,663,659,659,659
Ženske,Trzin,1849,1851,1841,1863,1888,1930,1951,1956,1956,1949,1967,1986,1969,1965,1957,1961,1977,1979,1968,1969,1964,1966,1980,1984
Ženske,Tržiè,7786,7755,7782,7787,7747,7729,7683,7661,7677,7666,7619,7606,7574,7574,7572,7560,7542,7536,7548,7508,7487,7494,7508,7482
Ženske,Turnišèe,1804,1740,1743,1742,1725,1741,1732,1740,1724,1701,1705,1714,1701,1683,1675,1668,1654,1659,1652,1625,1614,1616,1617,1598
Ženske,Velenje,16587,16286,16237,16265,16238,16238,16185,16172,16154,16147,16168,16183,16161,16192,16151,16182,16206,16197,16154,16194,16188,16241,16324,16402
Ženske,Velika Polana,782,763,753,757,749,750,766,758,758,751,740,742,738,727,732,731,725,739,722,724,719,719,706,701
Ženske,Velike Lašèe,2014,1993,2002,1999,2014,2022,2015,2032,2034,2054,2067,2064,2053,2046,2065,2082,2082,2112,2119,2126,2116,2121,2139,2140
Ženske,Veržej,682,661,653,645,657,648,645,655,648,644,655,665,660,651,654,651,653,651,663,657,647,653,650,649
Ženske,Videm,2768,2711,2740,2744,2767,2789,2770,2772,2777,2769,2743,2738,2701,2666,2651,2658,2646,2654,2649,2637,2622,2626,2622,2622
Ženske,Vipava,2729,2707,2654,2680,2654,2670,2712,2774,2816,2811,2794,2807,2810,2818,2813,2821,2821,2821,2827,2822,2795,2803,2793,2806
Ženske,Vitanje,1173,1145,1122,1112,1101,1108,1109,1105,1108,1096,1096,1095,1078,1084,1082,1090,1089,1087,1093,1090,1077,1086,1072,1069
Ženske,Vodice,2216,2248,2263,2284,2308,2324,2330,2360,2380,2387,2415,2421,2431,2432,2405,2417,2411,2412,2413,2425,2414,2427,2444,2459
Ženske,Vojnik,4197,4212,4170,4215,4229,4247,4279,4283,4261,4311,4312,4308,4307,4353,4377,4378,4400,4431,4414,4438,4418,4440,4400,4417
Ženske,Vransko,1310,1319,1324,1328,1331,1324,1321,1318,1332,1365,1355,1327,1315,1307,1311,1303,1306,1314,1320,1316,1308,1299,1307,1306
Ženske,Vrhnika,7713,7935,8005,8081,8142,8177,8248,8302,8304,8334,8364,8399,8373,8403,8432,8449,8497,8479,8519,8545,8543,8594,8656,8687
Ženske,Vuzenica,1390,1368,1351,1355,1363,1356,1358,1356,1358,1356,1353,1349,1337,1339,1344,1346,1337,1323,1335,1332,1340,1340,1319,1314
Ženske,Zagorje ob Savi,8766,8753,8734,8710,8698,8685,8660,8637,8650,8661,8580,8578,8497,8511,8486,8482,8450,8442,8378,8378,8342,8312,8284,8281
Ženske,Zavrè,762,744,735,734,747,737,748,751,744,751,741,722,704,705,698,698,687,686,687,687,675,674,667,672
Ženske,Zreèe,3197,3157,3162,3176,3169,3148,3151,3162,3120,3126,3102,3114,3108,3125,3111,3131,3143,3166,3151,3127,3138,3154,3149,3162
Ženske,Žalec,10695,10690,10662,10683,10798,10787,10796,10789,10810,10814,10729,10726,10646,10652,10674,10706,10699,10679,10646,10675,10664,10669,10647,10633
Ženske,Železniki,3392,3326,3324,3329,3325,3314,3315,3315,3322,3314,3313,3325,3301,3304,3294,3270,3258,3253,3247,3266,3258,3251,3225,3228
Ženske,Žetale,674,641,623,632,637,643,636,637,645,641,644,645,643,647,643,636,628,620,624,624,623,622,611,605
Ženske,Žiri,2532,2514,2507,2502,2518,2516,2502,2505,2502,2513,2501,2486,2478,2478,2452,2470,2456,2441,2440,2450,2445,2439,2431,2438
Ženske,Žirovnica,2148,2138,2125,2145,2161,2161,2174,2187,2207,2215,2202,2207,2204,2201,2202,2208,2214,2188,2214,2213,2209,2205,2208,2199
Ženske,Žužemberk,2303,2260,2241,2226,2231,2241,2246,2261,2254,2269,2259,2256,2254,2262,2246,2257,2271,2272,2272,2281,2277,2281,2274,2276
