"MUNICIPALITIES","1995 Natural increase","1995 Net migration from abroad","1995 Net migration between municipalities","1995 Total increase","1995 Total increase per 1000 population","1996 Natural increase","1996 Net migration from abroad","1996 Net migration between municipalities","1996 Total increase","1996 Total increase per 1000 population","1997 Natural increase","1997 Net migration from abroad","1997 Net migration between municipalities","1997 Total increase","1997 Total increase per 1000 population","1998 Natural increase","1998 Net migration from abroad","1998 Net migration between municipalities","1998 Total increase","1998 Total increase per 1000 population","1999 Natural increase","1999 Net migration from abroad","1999 Net migration between municipalities","1999 Total increase","1999 Total increase per 1000 population","2000 Natural increase","2000 Net migration from abroad","2000 Net migration between municipalities","2000 Total increase","2000 Total increase per 1000 population","2001 Natural increase","2001 Net migration from abroad","2001 Net migration between municipalities","2001 Total increase","2001 Total increase per 1000 population","2002 Natural increase","2002 Net migration from abroad","2002 Net migration between municipalities","2002 Total increase","2002 Total increase per 1000 population","2003 Natural increase","2003 Net migration from abroad","2003 Net migration between municipalities","2003 Total increase","2003 Total increase per 1000 population","2004 Natural increase","2004 Net migration from abroad","2004 Net migration between municipalities","2004 Total increase","2004 Total increase per 1000 population","2005 Natural increase","2005 Net migration from abroad","2005 Net migration between municipalities","2005 Total increase","2005 Total increase per 1000 population","2006 Natural increase","2006 Net migration from abroad","2006 Net migration between municipalities","2006 Total increase","2006 Total increase per 1000 population","2007 Natural increase","2007 Net migration from abroad","2007 Net migration between municipalities","2007 Total increase","2007 Total increase per 1000 population","2008 Natural increase","2008 Net migration from abroad","2008 Net migration between municipalities","2008 Total increase","2008 Total increase per 1000 population","2009 Natural increase","2009 Net migration from abroad","2009 Net migration between municipalities","2009 Total increase","2009 Total increase per 1000 population","2010 Natural increase","2010 Net migration from abroad","2010 Net migration between municipalities","2010 Total increase","2010 Total increase per 1000 population","2011 Natural increase","2011 Net migration from abroad","2011 Net migration between municipalities","2011 Total increase","2011 Total increase per 1000 population","2012 Natural increase","2012 Net migration from abroad","2012 Net migration between municipalities","2012 Total increase","2012 Total increase per 1000 population","2013 Natural increase","2013 Net migration from abroad","2013 Net migration between municipalities","2013 Total increase","2013 Total increase per 1000 population","2014 Natural increase","2014 Net migration from abroad","2014 Net migration between municipalities","2014 Total increase","2014 Total increase per 1000 population","2015 Natural increase","2015 Net migration from abroad","2015 Net migration between municipalities","2015 Total increase","2015 Total increase per 1000 population","2016 Natural increase","2016 Net migration from abroad","2016 Net migration between municipalities","2016 Total increase","2016 Total increase per 1000 population","2017 Natural increase","2017 Net migration from abroad","2017 Net migration between municipalities","2017 Total increase","2017 Total increase per 1000 population","2018 Natural increase","2018 Net migration from abroad","2018 Net migration between municipalities","2018 Total increase","2018 Total increase per 1000 population"
"SLOVENIA",12,1415,0,1427,...,168,697,0,865,...,-763,286,0,-477,-0.2,-1183,-2105,0,-3288,-1.7,-1352,2335,0,983,0.5,-408,2615,0,2207,1.1,-1031,2992,0,1961,1.0,-1200,1865,0,665,0.3,-2130,3412,0,1282,0.6,-562,1902,0,1340,0.7,-668,6436,0,5768,2.9,752,6267,0,7019,3.5,1239,14250,0,15489,7.7,3509,18584,0,22093,10.9,3106,11508,0,14614,7.2,3734,-521,0,3213,1.6,3248,2059,0,5307,2.6,2681,644,0,3325,1.6,1777,487,0,2264,1.1,2279,-490,0,1789,0.9,807,507,0,1314,0.6,656,1051,0,1707,0.8,-268,1253,0,985,0.5,-900,14928,0,14028,6.8
"Ajdovščina",25,17,1,43,...,-7,7,-13,-13,...,-22,5,0,-17,-1.0,1,24,-1,24,1.4,6,5,-11,0,0.0,29,28,59,116,6.5,-10,14,36,40,2.2,4,29,58,91,5.1,14,25,37,76,4.2,37,-30,46,53,2.9,4,3,39,46,2.5,15,74,19,108,5.9,38,192,58,288,15.6,66,270,-292,44,2.4,67,135,-68,134,7.1,90,-37,19,72,3.8,91,10,-94,7,0.4,117,-27,-91,-1,-0.1,56,-4,-158,-106,-5.6,70,17,19,106,5.6,56,49,-18,87,4.6,55,16,-23,48,2.5,23,64,-52,35,1.8,35,113,-27,121,6.3
"Ankaran/Ancarano",-,-,-,-,-,-,-,-,-,-,-,-,-,-,-,-,-,-,-,-,-,-,-,-,-,-,-,-,-,-,-,-,-,-,-,-,-,-,-,-,-,-,-,-,-,-,-,-,-,-,-,-,-,-,-,-,-,-,-,-,-,-,-,-,-,-,-,-,-,-,-,-,-,-,-,-,-,-,-,-,-,-,-,-,-,-,-,-,-,-,-,-,-,-,-,-,-,-,-,-,-3,-5,22,14,4.3,5,5,-17,-7,-2.2,4,-10,-15,-21,-6.6,10,20,-31,-1,-0.3
"Apače",-,-,-,-,...,-,-,-,-,...,-,-,-,-,-,-,-,-,-,-,-,-,-,-,-,-,-,-,-,-,-,-,-,-,-,-,-,-,-,-,-,-,-,-,-,-,-,-,-,-,-,-,-,-,-,-,-,-,-,-,-4,-22,-13,-39,-10.6,-15,14,-8,-9,-2.5,7,-10,-26,-29,-8.0,-1,5,26,30,8.3,11,5,-23,-7,-1.9,8,2,-36,-26,-7.2,10,-23,27,14,3.9,-20,-4,-8,-32,-8.9,-7,-12,8,-11,-3.1,-21,-1,-15,-37,-10.4,0,-9,11,2,0.6,-13,13,-30,-30,-8.5
"Beltinci",-20,3,-10,-27,...,-7,2,3,-2,...,-3,-8,7,-4,-0.5,3,-11,46,38,4.5,-3,1,32,30,3.5,-2,-3,8,3,0.4,-30,-2,13,-19,-2.2,-15,7,0,-8,-0.9,-13,7,14,8,0.9,-2,-4,-8,-14,-1.6,-13,2,8,-3,-0.4,-34,2,17,-15,-1.8,-5,2,18,15,1.8,1,-2,-36,-37,-4.4,-16,-9,11,-14,-1.7,-2,5,-26,-23,-2.8,-6,-1,0,-7,-0.8,-20,-22,8,-34,-4.1,-5,-13,51,33,4.0,-12,-12,-49,-73,-8.8,-7,-23,30,0,0.0,-4,-6,-17,-27,-3.3,4,-40,-9,-45,-5.4,-42,2,-40,-80,-9.8
"Benedikt",-,-,-,-,...,-,-,-,-,...,-,-,-,-,-,-,-,-,-,-,13,-1,30,42,20.4,5,-1,31,35,16.7,9,-5,26,30,14.1,7,1,0,8,3.7,-1,-1,15,13,6.0,3,-4,10,9,4.2,0,1,16,17,7.8,6,3,29,38,17.2,7,10,34,51,22.5,10,-4,62,68,29.0,15,-6,7,16,6.8,2,1,23,26,10.9,9,-4,39,44,18.0,8,-17,1,-8,-3.3,0,2,33,35,14.2,5,-10,3,-2,-0.8,12,-8,26,30,12.2,10,-6,-9,-5,-2.0,9,-15,35,29,11.6,15,5,43,63,24.6
"Bistrica ob Sotli",-,-,-,-,...,-,-,-,-,...,-,-,-,-,-,-,-,-,-,-,-2,0,-3,-5,-3.4,-14,0,8,-6,-4.1,-5,-1,14,8,5.5,-12,4,7,-1,-0.7,-9,-4,8,-5,-3.4,-11,0,-13,-24,-16.5,-21,3,3,-15,-10.4,-2,-1,13,10,6.9,-12,3,11,2,1.4,-3,-2,-5,-10,-7.0,1,-2,1,0,0.0,4,-2,18,20,14.0,3,-5,-14,-16,-11.2,-6,-5,-6,-17,-12.1,-6,-5,-3,-14,-9.9,0,1,-8,-7,-5.1,-5,-3,-9,-17,-12.4,0,3,-15,-12,-8.8,-4,-8,5,-7,-5.2,-8,1,-12,-19,-14.1
"Bled",-16,10,6,0,...,-9,0,10,1,...,-1,-1,46,44,4.0,-15,0,35,20,1.8,-1,17,19,35,3.2,-20,2,29,11,1.0,-31,23,30,22,2.0,-12,0,2,-10,-0.9,-18,11,-28,-35,-3.2,8,4,-17,-5,-0.4,1,35,9,45,4.0,30,30,5,65,5.8,-18,20,-66,-64,-7.8,-3,47,-24,20,2.5,16,9,0,25,3.1,31,9,-47,-7,-0.9,44,8,7,59,7.2,10,12,-30,-8,-1.0,33,12,-23,22,2.7,23,-14,-72,-63,-7.7,13,5,-111,-93,-11.5,0,-1,-52,-53,-6.6,-31,6,-85,-110,-13.9,-2,84,-119,-37,-4.7
"Bloke",-,-,-,-,...,-,-,-,-,...,-,-,-,-,-,-,-,-,-,-,-7,-1,7,-1,-0.6,-18,3,15,0,0.0,-12,0,20,8,5.1,-3,0,25,22,13.7,-9,5,1,-3,-1.9,-7,12,11,16,9.8,-11,14,8,11,6.7,-15,15,4,4,2.4,2,19,-7,14,8.4,-6,4,39,37,23.1,1,2,-32,-29,-18.6,9,-4,1,6,3.8,1,-1,9,9,5.7,2,-5,1,-2,-1.3,-1,4,-18,-15,-9.5,3,-2,-25,-24,-15.4,1,-1,-7,-7,-4.6,-5,-5,-6,-16,-10.4,4,1,5,10,6.5,-4,26,1,23,15.0
"Bohinj",-3,1,-11,-13,...,-8,0,-13,-21,...,-1,3,22,24,4.6,1,3,27,31,6.0,-14,-1,15,0,0.0,-6,3,5,2,0.4,12,6,1,19,3.6,-11,0,12,1,0.2,-11,0,-16,-27,-5.1,-2,7,14,19,3.6,18,13,-16,15,2.8,-13,-2,2,-13,-2.5,-14,45,-12,19,3.6,8,41,-1,48,9.2,1,18,28,47,8.9,-14,6,-22,-30,-5.7,-9,1,-55,-63,-12.1,-6,10,3,7,1.3,-20,-10,0,-30,-5.8,-17,-2,-12,-31,-6.0,-10,11,-9,-8,-1.6,-20,23,9,12,2.3,-11,17,-33,-27,-5.3,-27,16,-11,-22,-4.3
"Borovnica",13,6,6,25,...,32,-2,9,39,...,1,-2,12,11,3.0,-2,-10,7,-5,-1.3,6,2,43,51,13.5,4,-8,29,25,6.6,0,-9,0,-9,-2.4,-6,-8,-18,-32,-8.4,7,-2,14,19,5.0,-7,-1,-8,-16,-4.2,22,2,38,62,16.2,17,15,5,37,9.5,6,17,-5,18,4.6,14,43,-38,19,4.9,8,28,-21,15,3.8,22,-13,27,36,9.0,41,-10,-27,4,1.0,27,0,-28,-1,-0.3,38,-5,128,161,39.6,28,7,64,99,23.5,41,-7,-9,25,5.8,32,-24,92,100,23.3,25,-17,29,37,8.4,26,11,35,72,16.3
"Bovec",-22,5,-10,-27,...,-33,4,-8,-37,...,-17,1,12,-4,-1.2,-17,4,11,-2,-0.6,-23,40,13,30,8.8,-22,13,-4,-13,-3.8,-31,-8,-3,-42,-12.3,-21,-7,16,-12,-3.6,-9,2,12,5,1.5,-22,-9,16,-15,-4.5,-16,6,7,-3,-0.9,-30,22,19,11,3.3,-10,26,-16,0,0.0,-2,45,-51,-8,-2.5,-8,27,-18,1,0.3,9,9,44,62,19.1,-3,-9,-52,-64,-19.9,-4,17,-4,9,2.8,-2,12,-58,-48,-15.1,-12,2,-3,-13,-4.1,-7,4,-7,-10,-3.2,-14,1,-29,-42,-13.6,-24,-3,-2,-29,-9.5,-14,32,-19,-1,-0.3
"Braslovče",-,-,-,-,...,-,-,-,-,...,-,-,-,-,-,-,-,-,-,-,-10,0,74,64,13.4,20,-9,67,78,15.7,18,-9,73,82,16.3,2,19,31,52,10.2,-9,7,44,42,8.1,-10,-5,23,8,1.6,-8,21,55,68,13.1,3,4,23,30,5.7,8,18,47,73,14.1,23,-2,18,39,7.5,14,13,11,38,7.3,23,18,45,86,16.3,26,-11,72,87,16.3,22,-16,24,30,5.5,0,6,28,34,6.3,17,-2,-12,3,0.6,14,-2,15,27,4.9,31,2,50,83,15.0,4,-9,-26,-31,-5.6,-1,10,-10,-1,-0.2
"Brda",-14,3,7,-4,...,-10,1,27,18,...,-5,0,19,14,2.4,-13,-2,-13,-28,-4.9,6,1,22,29,5.0,0,8,12,20,3.4,-27,-4,0,-31,-5.3,-17,-5,3,-19,-3.3,-42,6,9,-27,-4.7,-13,0,-2,-15,-2.6,-13,5,7,-1,-0.2,-17,4,-9,-22,-3.8,-21,17,1,-3,-0.5,7,11,-5,13,2.3,-10,8,54,52,9.1,-5,15,3,13,2.3,0,2,4,6,1.0,-20,4,-9,-25,-4.3,-36,16,-7,-27,-4.7,-12,-17,-14,-43,-7.5,-25,-3,22,-6,-1.1,-36,-6,8,-34,-6.0,-36,5,25,-6,-1.1,-18,18,-21,-21,-3.7
"Brezovica",33,3,110,146,...,19,2,79,100,...,25,0,156,181,21.0,43,-8,140,175,20.0,33,3,89,125,14.0,23,1,94,118,13.0,23,3,138,164,17.7,15,12,127,154,16.3,16,42,143,201,20.9,30,-7,85,108,11.1,14,7,103,124,12.5,40,17,88,145,14.5,46,41,131,218,21.4,79,100,146,325,31.2,68,44,124,236,22.0,76,29,221,326,29.7,67,24,160,251,22.3,30,0,208,238,20.6,23,6,107,136,11.6,-3,16,108,121,10.2,16,-3,83,96,8.1,15,10,90,115,9.6,-5,-12,112,95,7.8,18,60,143,221,17.9
"Brežice",-146,43,47,-56,...,-109,23,39,-47,...,-82,12,45,-25,-1.0,-114,62,72,20,0.8,-107,6,39,-62,-2.5,-87,7,34,-46,-1.9,-125,22,58,-45,-1.8,-51,-2,25,-28,-1.1,-92,51,37,-4,-0.2,-97,12,-14,-99,-4.0,-79,30,85,36,1.5,-95,49,80,34,1.4,-95,90,21,16,0.7,-5,150,-42,103,4.2,-68,65,46,43,1.8,-41,9,3,-29,-1.2,-45,-9,78,24,1.0,-29,-52,59,-22,-0.9,-52,10,14,-28,-1.2,-90,-73,99,-64,-2.6,-55,-5,125,65,2.7,-77,-11,38,-50,-2.1,-39,-32,-50,-121,-5.0,-69,64,-1,-6,-0.2
"Cankova",-,-,-,-,...,-,-,-,-,...,-,-,-,-,-,-,-,-,-,-,-19,-2,2,-19,-9.0,-9,-1,-2,-12,-5.7,-16,1,-10,-25,-12.0,-5,1,-4,-8,-3.8,-14,-4,-8,-26,-12.6,-20,-2,4,-18,-8.8,-20,1,-7,-26,-12.8,-13,-1,15,1,0.5,-16,1,17,2,1.0,-13,0,-22,-35,-18.1,-10,2,-31,-39,-20.5,-6,0,-8,-14,-7.4,1,-3,5,3,1.6,-6,-3,8,-1,-0.5,-3,-19,-17,-39,-20.7,-10,3,-8,-15,-8.1,-11,-7,-4,-22,-12.0,-10,-10,1,-19,-10.6,-10,-14,-13,-37,-20.7,-13,-5,-3,-21,-12.0
"Celje",-68,57,-31,-42,...,-9,35,-78,-52,...,-45,11,-120,-154,-3.1,-45,-183,-159,-387,-7.8,-78,48,-155,-185,-3.7,-81,123,-214,-172,-3.5,-88,184,-211,-115,-2.3,-139,44,-261,-356,-7.2,-171,117,-152,-206,-4.2,-104,157,-141,-88,-1.8,-8,273,-137,128,2.6,-26,332,-96,210,4.3,26,601,-176,451,9.2,86,752,-535,303,6.2,73,230,-476,-173,-3.5,121,-58,-254,-191,-3.9,123,28,-98,53,1.1,81,58,-115,24,0.5,127,249,-186,190,3.9,76,-56,-113,-93,-1.9,70,119,108,297,6.1,45,162,90,297,6.0,-49,29,19,-1,0.0,-27,597,-475,95,1.9
"Cerklje na Gorenjskem",21,-1,29,49,...,42,1,12,55,...,37,-3,31,65,10.7,6,2,51,59,9.6,28,4,25,57,9.1,17,-10,1,8,1.3,28,11,50,89,14.1,17,6,33,56,8.7,8,3,6,17,2.6,29,-6,44,67,10.3,32,33,38,103,15.7,39,28,13,80,12.0,7,41,33,81,12.1,31,65,17,113,16.6,41,55,65,161,23.2,37,5,57,99,14.0,46,26,10,82,11.5,38,18,-1,55,7.6,42,3,61,106,14.5,27,-7,-5,15,2.0,26,5,111,142,19.2,15,4,43,62,8.2,-4,25,27,48,6.3,-23,12,25,14,1.8
"Cerknica",6,-1,26,31,...,2,8,5,15,...,7,5,50,62,6.1,-6,4,43,41,4.0,-1,11,60,70,6.8,-4,7,65,68,6.6,-20,44,31,55,5.3,-9,29,46,66,6.3,-5,27,63,85,8.0,5,29,48,82,7.7,7,31,80,118,10.9,-2,39,11,48,4.4,4,128,29,161,14.6,21,105,-5,121,11.0,-13,159,16,162,14.6,-9,-13,57,35,3.1,31,36,44,111,9.8,2,-27,-40,-65,-5.7,2,14,13,29,2.6,-12,-8,112,92,8.1,-13,-34,63,16,1.4,-12,37,66,91,7.9,-12,-2,10,-4,-0.3,-19,54,33,68,5.9
"Cerkno",12,1,10,23,...,2,0,-18,-16,...,-5,0,11,6,1.2,-2,-5,-19,-26,-5.0,-6,0,-9,-15,-2.9,-11,-2,-7,-20,-3.9,-2,-3,-8,-13,-2.5,-24,-1,-9,-34,-6.7,-17,1,-11,-27,-5.3,-1,1,-14,-14,-2.8,-1,2,-18,-17,-3.4,0,-3,-21,-24,-4.8,0,6,-21,-15,-3.0,10,8,-79,-61,-12.7,22,18,-79,-39,-8.2,14,16,-34,-4,-0.8,7,21,0,28,5.9,14,12,-44,-18,-3.8,4,17,-77,-56,-11.7,14,-15,-42,-43,-9.1,8,-2,-46,-40,-8.6,9,-13,-38,-42,-9.1,20,2,-36,-14,-3.0,8,14,-30,-8,-1.7
"Cerkvenjak",-,-,-,-,...,-,-,-,-,...,-,-,-,-,-,-,-,-,-,-,4,1,2,7,3.3,-5,-2,2,-5,-2.3,0,-1,3,2,0.9,9,-3,-3,3,1.4,-8,-1,7,-2,-0.9,-12,-1,-5,-18,-8.5,-7,-1,-11,-19,-9.0,-10,7,17,14,6.7,-4,16,-12,0,0.0,-6,-20,-3,-29,-14.1,5,-8,-9,-12,-5.9,-14,9,-9,-14,-6.8,2,-3,-26,-27,-13.5,-2,-11,10,-3,-1.5,-7,-5,18,6,3.0,-4,3,43,42,20.7,2,-5,-11,-14,-6.8,14,13,4,31,15.2,-4,18,-50,-36,-17.4,10,40,-27,23,11.2
"Cirkulane",-,-,-,-,...,-,-,-,-,...,-,-,-,-,-,-,-,-,-,-,-,-,-,-,-,-,-,-,-,-,-,-,-,-,-,-,-,-,-,-,-,-,-,-,-,-,-,-,-,-,-,-,-,-,-,-,-,-,-,-,3,-22,25,6,2.6,-13,36,-33,-10,-4.4,-15,10,4,-1,-0.4,-5,-20,7,-18,-7.8,-7,10,-3,0,0.0,-3,-10,31,18,7.8,2,6,25,33,14.3,-5,-7,8,-4,-1.7,-8,-13,-30,-51,-22.1,-2,-5,61,54,23.5,-16,19,-21,-18,-7.7,-4,27,41,64,27.3
"Črenšovci",-9,1,-12,-20,...,-4,2,18,16,...,-24,0,5,-19,-3.1,-38,-1,11,-28,-4.7,-5,-1,2,-4,-0.9,-3,-5,8,0,0.0,-29,-3,-2,-34,-7.7,-15,-2,2,-15,-3.4,3,3,-3,3,0.7,-10,-10,2,-18,-4.1,3,5,-8,0,0.0,-24,-13,-11,-48,-11.0,-12,17,-1,4,0.9,4,-2,-66,-64,-15.2,1,-8,-48,-55,-13.2,3,-10,-16,-23,-5.5,-7,0,19,12,2.9,-14,-73,-3,-90,-21.9,0,-12,-18,-30,-7.5,2,5,-11,-4,-1.0,-14,-10,11,-13,-3.3,-2,-17,-33,-52,-13.1,8,-23,-8,-23,-5.8,7,0,16,23,5.8
"Črna na Koroškem",-2,-1,-14,-17,...,-5,1,-25,-29,...,-25,1,-3,-27,-7.1,-14,2,-30,-42,-11.1,-5,-1,-13,-19,-5.1,-12,5,-8,-15,-4.0,-2,-6,-6,-14,-3.8,1,-1,-7,-7,-1.9,-12,4,3,-5,-1.4,6,-3,-17,-14,-3.8,-26,-5,-26,-57,-15.6,-11,12,-38,-37,-10.4,-12,5,-29,-36,-10.1,3,2,-32,-27,-7.3,-3,6,-54,-51,-14.0,-6,-7,-46,-59,-16.5,-24,-1,2,-23,-6.5,-10,2,-46,-54,-15.4,-1,-12,-56,-69,-19.9,-5,-3,-36,-44,-13.0,-7,3,-21,-25,-7.5,-25,-2,-2,-29,-8.7,5,3,-4,4,1.2,0,16,-25,-9,-2.7
"Črnomelj",38,11,8,57,...,-28,14,-9,-23,...,-3,10,-8,-1,-0.1,-22,14,5,-3,-0.2,-17,37,26,46,3.1,-8,11,-2,1,0.1,-20,-26,-14,-60,-4.0,-52,-6,20,-38,-2.6,-54,2,8,-44,-3.0,-32,9,-24,-47,-3.2,-18,52,10,44,3.0,-41,61,-27,-7,-0.5,-11,128,-31,86,5.8,12,138,-132,18,1.2,10,38,-132,-84,-5.7,14,3,0,17,1.2,-7,4,-3,-6,-0.4,-1,-3,-81,-85,-5.8,-15,3,-35,-47,-3.2,-33,18,14,-1,-0.1,-53,-31,-99,-183,-12.6,-29,0,-14,-43,-3.0,-71,-17,36,-52,-3.6,-86,146,-78,-18,-1.3
"Destrnik",1,1,1,3,...,16,0,23,39,...,-14,-2,28,12,2.4,-10,1,30,21,4.2,-2,-1,7,4,1.6,-11,-5,17,1,0.4,0,-4,31,27,10.6,-1,-4,34,29,11.3,-11,0,39,28,10.7,-10,-2,17,5,1.9,4,3,30,37,14.0,-7,1,23,17,6.4,1,-5,26,22,8.2,-1,11,-16,-6,-2.2,9,-12,21,18,6.7,9,-13,-28,-32,-12.1,-2,0,-21,-23,-8.7,0,-19,-31,-50,-19.2,4,-1,24,27,10.3,-7,-14,-23,-44,-17.1,10,-18,-17,-25,-9.8,-4,-5,15,6,2.4,-1,-3,14,10,3.9,2,12,17,31,12.0
"Divača",-26,9,18,1,...,-21,3,-7,-25,...,-20,4,17,1,0.3,-27,-1,6,-22,-5.8,-30,-9,-6,-45,-11.8,-22,4,5,-13,-3.4,-9,33,12,36,9.4,-34,33,-1,-2,-0.5,-20,29,20,29,7.4,-23,-22,-8,-53,-13.7,-37,18,9,-10,-2.6,-8,64,19,75,19.4,-18,29,-4,7,1.8,18,50,-21,47,12.2,11,12,-51,-28,-7.3,4,15,-6,13,3.3,-13,6,43,36,9.3,-2,-2,-14,-18,-4.6,10,25,4,39,9.9,6,8,4,18,4.6,3,1,-1,3,0.8,8,9,28,45,11.3,1,56,30,87,21.4,0,34,39,73,17.8
"Dobje",-,-,-,-,...,-,-,-,-,...,-,-,-,-,-,-,-,-,-,-,-1,2,0,1,1.0,-4,-1,5,0,0.0,-8,0,4,-4,-3.9,-8,2,4,-2,-2.0,-5,2,1,-2,-2.0,4,-1,1,4,4.0,1,-2,3,2,2.0,0,0,-7,-7,-6.9,-6,0,-10,-16,-16.0,2,0,-12,-10,-10.4,-3,4,8,9,9.4,6,-1,9,14,14.5,3,0,-3,0,0.0,2,1,-11,-8,-8.2,4,-1,-3,0,0.0,8,3,14,25,25.5,2,-7,-7,-12,-12.2,-1,-3,0,-4,-4.1,-9,0,-3,-12,-12.4,4,2,-5,1,1.0
"Dobrepolje",5,-1,-3,1,...,0,0,0,0,...,8,1,15,24,6.9,3,1,6,10,2.8,-8,-2,26,16,4.6,0,2,10,12,3.4,-2,-7,29,20,5.6,-9,3,45,39,11.0,9,1,35,45,12.5,14,0,12,26,7.1,12,3,3,18,4.9,2,18,12,32,8.7,-18,17,-10,-11,-3.0,-2,17,75,90,23.9,-30,6,94,70,18.3,-8,2,27,21,5.4,0,-9,49,40,10.2,-23,7,22,6,1.5,-12,-5,33,16,4.1,-13,2,-6,-17,-4.3,-27,0,-11,-38,-9.7,-7,8,-30,-29,-7.4,-11,-5,27,11,2.8,-28,7,-3,-24,-6.2
"Dobrna",-,-,-,-,...,-,-,-,-,...,-,-,-,-,-,-,-,-,-,-,-7,4,16,13,6.3,6,5,8,19,9.1,5,-3,4,6,2.9,9,3,8,20,9.4,-8,3,-3,-8,-3.8,-11,8,4,1,0.5,0,-5,1,-4,-1.9,3,-1,-7,-5,-2.4,-1,1,36,36,17.1,3,4,74,81,37.5,6,1,-2,5,2.3,-2,-1,4,1,0.5,-1,2,1,2,0.9,13,-1,-7,5,2.3,5,4,12,21,9.6,-4,-6,-40,-50,-22.8,6,3,19,28,12.8,6,-4,32,34,15.2,1,-6,-13,-18,-8.1,-6,3,21,18,8.1
"Dobrova - Polhov Gradec",35,2,54,91,...,41,1,41,83,...,58,-1,14,71,8.1,49,-4,66,111,12.6,29,1,80,110,17.4,25,-1,74,98,15.2,32,9,69,110,16.8,31,0,57,88,13.2,26,2,50,78,11.6,21,-2,51,70,10.3,19,5,36,60,8.7,21,6,51,78,11.2,33,19,37,89,12.6,55,52,40,147,20.6,57,9,14,80,11.0,53,-23,2,32,4.4,56,1,70,127,17.2,42,10,40,92,12.3,39,-30,-63,-54,-7.2,52,-6,44,90,11.9,44,-6,-29,9,1.2,38,-14,12,36,4.7,35,-17,29,47,6.1,18,2,-20,0,0.0
"Dobrovnik/Dobronak",-,-,-,-,...,-,-,-,-,...,-,-,-,-,-,-,-,-,-,-,-13,0,11,-2,-1.4,-13,-2,3,-12,-8.5,-11,-5,4,-12,-8.6,-3,-8,1,-10,-7.2,-13,-2,9,-6,-4.3,-4,-1,7,2,1.4,-6,13,-4,3,2.2,-5,1,7,3,2.2,-1,7,-13,-7,-5.1,-4,-2,-6,-12,-8.8,-6,-1,-13,-20,-15.0,1,-4,15,12,9.1,-3,0,3,0,0.0,4,-20,-3,-19,-14.2,-7,-10,-23,-40,-31.1,-8,21,-13,0,0.0,6,-12,3,-3,-2.4,-1,-14,12,-3,-2.4,-7,-6,30,17,13.3,7,1,-15,-7,-5.4
"Dol pri Ljubljani",-2,2,42,42,...,5,4,32,41,...,11,1,45,57,14.2,18,1,51,70,17.2,11,1,35,47,11.4,24,4,81,109,25.9,6,1,38,45,10.4,22,-5,52,69,15.8,2,-3,80,79,17.9,27,1,110,138,30.5,-7,-3,129,119,25.4,40,15,130,185,38.5,36,20,116,172,34.3,52,42,35,129,25.0,39,13,80,132,25.0,29,17,65,111,20.6,54,6,34,94,17.0,62,-6,52,108,19.2,32,4,75,111,19.4,58,11,13,82,14.1,47,-2,27,72,12.2,28,-25,21,24,4.0,24,-4,30,50,8.4,34,17,158,209,34.1
"Dolenjske Toplice",-,-,-,-,...,-,-,-,-,...,-,-,-,-,-,-,-,-,-,-,-10,-4,6,-8,-2.4,17,-4,12,25,7.6,7,3,9,19,5.7,8,3,-1,10,3.0,-13,9,3,-1,-0.3,7,-3,33,37,10.9,6,-3,16,19,5.6,18,-5,-18,-5,-1.5,-9,25,-7,9,2.6,11,24,7,42,12.3,4,5,-10,-1,-0.3,1,11,-2,10,2.9,23,-1,-57,-35,-10.3,16,-3,-3,10,2.9,1,4,-17,-12,-3.5,11,-3,-6,2,0.6,13,-2,7,18,5.3,14,0,26,40,11.7,10,0,-21,-11,-3.2,6,29,18,53,15.3
"Domžale",165,20,150,335,...,134,3,76,213,...,125,3,179,307,9.7,102,-16,128,214,6.7,113,35,86,234,8.0,70,14,129,213,7.2,98,33,53,184,6.2,115,20,71,206,6.9,117,47,168,332,11.0,124,40,264,428,14.0,133,88,438,659,21.1,183,123,302,608,19.1,152,266,202,620,19.1,229,347,55,631,19.3,198,178,37,413,12.3,183,33,158,374,11.1,170,15,103,288,8.4,169,23,45,237,6.9,116,29,146,291,8.4,159,4,119,282,8.1,91,-24,174,241,6.9,124,-34,147,237,6.7,89,-43,116,162,4.5,157,230,199,586,16.3
"Dornava",-7,2,3,-2,...,3,-1,7,9,...,-3,0,6,3,1.1,9,1,-12,-2,-0.8,5,2,23,30,11.3,-13,3,-1,-11,-4.1,-7,-1,8,0,0.0,-3,0,-8,-11,-4.1,-2,0,3,1,0.4,-9,0,35,26,9.8,-6,0,6,0,0.0,-4,0,2,-2,-0.7,8,-1,-4,3,1.1,4,5,8,17,5.8,4,-5,0,-1,-0.3,6,-3,-30,-27,-9.2,1,1,38,40,13.5,-10,-13,-38,-61,-20.7,-7,-6,-5,-18,-6.2,6,-16,34,24,8.3,-6,-23,-5,-34,-11.7,-2,-1,26,23,7.9,3,-10,-13,-20,-6.9,-7,8,6,7,2.4
"Dravograd",14,1,7,22,...,10,1,50,61,...,18,-4,3,17,2.0,14,0,-11,3,0.3,4,18,26,48,5.5,25,13,9,47,5.4,-1,-14,35,20,2.3,-12,-32,1,-43,-4.9,-12,-10,8,-14,-1.6,10,-14,24,20,2.3,-4,9,18,23,2.6,27,27,15,69,7.8,29,33,-34,28,3.2,-3,95,-44,48,5.3,-10,59,3,52,5.7,-13,-19,-3,-35,-3.9,-2,11,25,34,3.8,-16,5,-70,-81,-8.9,-27,-14,-38,-79,-8.8,-7,-24,0,-31,-3.5,-20,5,20,5,0.6,-25,-35,31,-29,-3.2,-32,-14,-14,-60,-6.8,-44,39,-11,-16,-1.8
"Duplek",11,4,55,70,...,-11,2,30,21,...,1,-2,52,51,8.8,-10,2,7,-1,-0.2,-26,3,70,47,8.0,-2,0,74,72,12.2,-14,0,54,40,6.7,9,0,47,56,9.3,-16,-2,65,47,7.7,10,1,56,67,10.9,-1,-3,54,50,8.1,-11,12,68,69,11.0,-9,14,170,175,27.5,16,-14,87,89,13.7,21,6,31,58,8.8,55,-10,18,63,9.5,12,2,0,14,2.1,22,-4,29,47,7.0,23,-20,14,17,2.5,16,-9,3,10,1.5,5,-6,-49,-50,-7.4,-15,-11,104,78,11.5,16,-4,82,94,13.8,7,31,11,49,7.1
"Gorenja vas - Poljane",18,8,1,27,...,50,2,9,61,...,43,-1,-12,30,4.6,48,4,48,100,15.2,31,0,11,42,6.2,34,-6,29,57,8.4,35,-1,23,57,8.3,41,7,6,54,7.8,-3,6,1,4,0.6,24,-3,7,28,4.0,21,13,17,51,7.3,47,7,13,67,9.5,38,7,-1,44,6.2,77,14,-21,70,9.8,72,15,-23,64,8.9,73,0,-23,50,6.9,57,5,-71,-9,-1.2,71,-1,-46,24,3.3,59,6,-42,23,3.1,67,-3,-14,50,6.8,69,0,-20,49,6.6,69,8,-7,70,9.4,49,7,-13,43,5.7,66,6,-74,-2,-0.3
"Gorišnica",-11,-3,-6,-20,...,-8,11,-22,-19,...,-22,4,-2,-20,-3.4,-12,-2,29,15,2.5,3,3,16,22,3.7,17,0,45,62,10.3,8,2,55,65,10.7,-1,13,21,33,5.4,-13,1,36,24,3.9,-25,4,29,8,1.3,-9,1,7,-1,-0.2,-12,4,52,44,7.1,14,2,-11,5,1.3,1,1,-3,-1,-0.3,-6,24,16,34,8.5,-5,-8,57,44,10.9,-14,7,16,9,2.2,-26,9,9,-8,-2.0,-15,-13,-2,-30,-7.4,4,-20,-4,-20,-5.0,-11,3,4,-4,-1.0,-4,-1,-5,-10,-2.5,-10,11,56,57,14.3,-19,48,15,44,10.9
"Gorje",-,-,-,-,...,-,-,-,-,...,-,-,-,-,-,-,-,-,-,-,-,-,-,-,-,-,-,-,-,-,-,-,-,-,-,-,-,-,-,-,-,-,-,-,-,-,-,-,-,-,-,-,-,-,-,-,-,-,-,-,0,-34,1,-33,-11.4,16,35,11,62,21.6,-5,9,-24,-20,-6.9,17,5,7,29,9.9,9,1,-33,-23,-7.9,5,-7,-32,-34,-11.9,4,-6,-25,-27,-9.4,12,-8,-37,-33,-11.6,3,-7,12,8,2.9,0,2,-8,-6,-2.1,-8,-2,-15,-25,-8.9,9,10,-49,-30,-10.8
"Gornja Radgona",-13,5,-33,-41,...,-26,-10,-26,-62,...,-16,-5,-29,-50,-3.9,-11,-11,-31,-53,-4.2,-22,-15,-51,-88,-7.0,-21,-3,-1,-25,-2.0,-24,-6,-16,-46,-3.7,-47,-30,18,-59,-4.7,-17,-5,5,-17,-1.4,-37,-19,-13,-69,-5.5,-25,0,-9,-34,-2.7,-20,-47,16,-51,-4.1,-24,3,20,-1,-0.1,-12,-7,64,45,5.2,-26,-2,39,11,1.3,-6,0,-27,-33,-3.9,-28,6,36,14,1.6,-18,-16,12,-22,-2.6,-5,-41,-14,-60,-7.1,-26,-20,33,-13,-1.5,-25,-26,14,-37,-4.4,-27,-24,31,-20,-2.4,-27,-8,-5,-40,-4.7,-26,6,9,-11,-1.3
"Gornji Grad",0,-3,-1,-4,...,6,0,-2,4,...,-7,-4,-10,-21,-7.9,-11,-5,-19,-35,-13.2,6,0,-32,-26,-9.9,-1,-5,-6,-12,-4.6,2,2,11,15,5.7,-3,2,5,4,1.5,2,-2,0,0,0.0,0,-1,4,3,1.1,-13,0,-21,-34,-13.0,-8,0,-19,-27,-10.4,7,-4,4,7,2.7,-34,3,3,-28,-10.6,-35,8,63,36,13.6,-48,-1,38,-11,-4.1,-42,6,32,-4,-1.5,-39,-3,28,-14,-5.3,-40,2,16,-22,-8.4,-50,-9,7,-52,-20.0,-58,0,29,-29,-11.4,-39,1,38,0,0.0,-61,-2,60,-3,-1.2,-53,4,17,-32,-12.6
"Gornji Petrovci",-36,0,-8,-44,...,-32,-1,1,-32,...,-21,0,-1,-22,-9.0,-29,-2,-6,-37,-15.2,-22,-3,-10,-35,-14.7,-20,-16,2,-34,-14.2,-35,-1,-5,-41,-17.6,-20,0,-3,-23,-9.9,-29,1,14,-14,-6.1,-9,1,3,-5,-2.2,-21,-2,13,-10,-4.4,-21,0,7,-14,-6.2,-10,6,14,10,4.4,-25,4,-25,-46,-20.7,-18,5,-17,-30,-13.6,-15,-8,1,-22,-10.1,-13,-1,-9,-23,-10.6,1,-8,-3,-10,-4.7,-15,-9,-12,-36,-17.0,-16,-5,-1,-22,-10.5,-15,-3,-3,-21,-10.1,-14,-8,23,1,0.5,-17,-6,-22,-45,-22.0,-14,-4,-10,-28,-14.1
"Grad",-,-,-,-,...,-,-,-,-,...,-,-,-,-,-,-,-,-,-,-,-23,-1,2,-22,-8.4,-24,-1,6,-19,-7.2,-16,-2,-9,-27,-11.2,-18,-3,-1,-22,-9.2,-13,-1,7,-7,-2.9,-29,5,2,-22,-9.3,-13,0,4,-9,-3.8,-6,2,-2,-6,-2.6,-12,-2,-10,-24,-10.2,-6,6,-10,-10,-4.4,-11,3,-7,-15,-6.6,-10,1,13,4,1.8,-16,0,-15,-31,-13.8,4,-12,-2,-10,-4.5,-7,-6,3,-10,-4.5,-9,-10,4,-15,-6.8,-2,-4,-20,-26,-12.0,-16,-13,-27,-56,-26.2,-3,4,-6,-5,-2.4,-9,-3,-16,-28,-13.4
"Grosuplje",60,2,144,206,...,59,0,107,166,...,54,8,149,211,14.4,63,-17,147,193,13.0,57,-8,129,178,11.8,76,23,150,249,16.2,70,27,45,142,9.1,46,33,235,314,19.8,78,83,223,384,23.7,59,59,188,306,18.5,66,77,279,422,25.0,108,33,362,503,29.1,115,131,239,485,27.2,124,238,139,501,27.2,102,140,151,393,20.9,132,-30,128,230,12.0,131,22,182,335,17.3,77,22,99,198,10.1,103,9,13,125,6.3,118,44,-21,141,7.1,98,38,-59,77,3.8,95,62,71,228,11.3,100,119,170,389,19.0,80,334,-80,334,16.0
"Hajdina",-,-,-,-,...,-,-,-,-,...,-,-,-,-,-,-,-,-,-,-,2,-2,18,18,4.9,-9,-1,-9,-19,-5.2,-2,6,2,6,1.6,1,-1,22,22,6.0,-7,-1,1,-7,-1.9,-14,0,2,-12,-3.3,-6,-4,9,-1,-0.3,-1,20,5,24,6.5,-4,6,34,36,9.6,-2,23,-23,-2,-0.5,-1,23,24,46,12.3,5,-10,-12,-17,-4.6,11,-4,-9,-2,-0.5,23,-6,-20,-3,-0.8,11,-16,-2,-7,-1.9,9,-15,13,7,1.9,10,-15,-22,-27,-7.2,5,6,25,36,9.7,13,-6,-11,-4,-1.1,4,43,2,49,13.0
"Hoče - Slivnica",-,-,-,-,...,-,-,-,-,...,-,-,-,-,-,-,-,-,-,-,-17,3,95,81,8.5,-7,7,64,64,6.6,-17,-5,74,52,5.4,-17,-4,93,72,7.4,-25,5,65,45,4.6,-16,13,91,88,8.9,-30,40,152,162,16.0,-4,51,176,223,21.6,-28,183,158,313,29.5,41,95,119,255,23.8,23,-12,-32,-21,-1.9,32,-20,19,31,2.8,6,7,58,71,6.5,31,36,180,247,22.4,20,14,8,42,3.7,30,-14,-50,-34,-3.0,5,31,47,83,7.4,14,22,-22,14,1.2,4,92,37,133,11.8,2,299,43,344,29.8
"Hodoš/Hodos",-,-,-,-,...,-,-,-,-,...,-,-,-,-,-,-,-,-,-,-,-5,2,0,-3,-8.1,-3,-19,-4,-26,-66.7,-1,-3,-3,-7,-19.0,-4,0,-4,-8,-22.4,-10,-6,-2,-18,-51.4,3,1,0,4,11.8,-5,2,1,-2,-5.8,-4,1,3,0,0.0,-6,-1,-2,-9,-26.5,-2,0,0,-2,-6.2,-5,1,-3,-7,-21.9,-1,0,2,1,3.2,-4,-1,68,63,196.9,-2,-1,-2,-5,-13.1,-4,-1,-8,-13,-35.9,3,0,2,5,13.4,-7,0,15,8,21.7,-6,-2,0,-8,-21.5,-9,-5,9,-5,-13.7,-6,3,-5,-8,-22.3
"Horjul",-,-,-,-,...,-,-,-,-,...,-,-,-,-,-,-,-,-,-,-,7,-2,9,14,5.4,31,0,6,37,14.1,28,-2,-15,11,4.2,15,2,-20,-3,-1.1,14,-3,3,14,5.3,26,1,-1,26,9.7,-4,-1,-1,-6,-2.2,18,-2,-3,13,4.8,15,11,9,35,12.8,0,6,24,30,10.6,2,10,51,63,21.9,9,-2,-2,5,1.7,3,-5,-3,-5,-1.7,12,-2,32,42,14.5,-26,7,47,28,9.6,-21,-10,44,13,4.4,-5,3,24,22,7.5,-10,0,20,10,3.4,-13,-6,56,37,12.4,-34,-4,38,0,0.0
"Hrastnik",-59,7,-33,-85,...,-46,-4,30,-20,...,-56,7,7,-42,-3.9,-43,-31,-24,-98,-9.1,-89,9,-1,-81,-7.5,-34,16,-17,-35,-3.3,-39,-11,-38,-88,-8.4,-47,-24,14,-57,-5.5,-40,10,37,7,0.7,-27,14,1,-12,-1.2,-36,55,-12,7,0.7,2,-12,-48,-58,-5.6,3,43,-34,12,1.2,-32,49,-85,-68,-6.7,-1,98,-112,-15,-1.5,-34,-25,-103,-162,-16.1,-38,2,-54,-90,-9.0,-24,-13,-143,-180,-18.3,-44,-7,-83,-134,-13.9,-32,-36,-71,-139,-14.6,-49,-19,-56,-124,-13.3,-52,15,-12,-49,-5.3,-44,-16,-20,-80,-8.7,-55,18,7,-30,-3.3
"Hrpelje - Kozina",-20,7,-1,-14,...,-35,3,19,-13,...,-21,7,8,-6,-1.4,-28,4,3,-21,-5.1,-16,-1,8,-9,-2.2,-19,0,9,-10,-2.4,-27,17,4,-6,-1.4,-13,36,17,40,9.6,-33,34,-14,-13,-3.1,-3,-16,-4,-23,-5.6,-13,16,-6,-3,-0.7,-23,30,-7,0,0.0,-23,58,-17,18,4.4,12,83,-15,80,19.8,4,59,-3,60,14.4,-8,-3,5,-6,-1.4,14,14,31,59,13.9,1,24,26,51,11.9,-3,19,-62,-46,-10.8,14,27,23,64,15.0,8,20,12,40,9.2,11,-4,-2,5,1.1,14,12,1,27,6.2,0,34,33,67,15.1
"Idrija",-12,6,-26,-32,...,-7,0,-15,-22,...,-27,0,-8,-35,-2.9,4,-22,-4,-22,-1.8,-22,18,-27,-31,-2.6,-23,23,-1,-1,-0.1,16,2,-19,-1,-0.1,-28,15,14,1,0.1,-29,32,-23,-20,-1.7,0,1,-24,-23,-1.9,-13,18,-18,-13,-1.1,-13,94,-19,62,5.2,-18,105,-41,46,3.8,-28,48,-83,-63,-5.3,-16,51,-71,-36,-3.0,-35,29,-10,-16,-1.3,16,49,14,79,6.6,-47,38,-11,-20,-1.7,-3,37,-30,4,0.3,-24,2,4,-18,-1.5,-27,18,10,1,0.1,-68,10,-68,-126,-10.6,-53,7,-2,-48,-4.1,-56,90,-42,-8,-0.7
"Ig",16,7,34,57,...,-6,0,50,44,...,6,3,45,54,11.1,-9,7,135,133,26.7,12,5,117,134,26.1,9,4,48,61,11.6,-7,11,99,103,19.2,8,9,82,99,18.1,10,-5,127,132,23.8,20,12,44,76,13.4,15,16,104,135,23.3,26,3,77,106,18.1,32,24,52,108,17.9,52,94,120,266,42.1,45,55,114,214,32.7,45,-11,115,149,22.2,31,7,28,66,9.6,55,13,93,161,23.1,40,5,-14,31,4.4,40,8,42,90,12.7,26,-9,12,29,4.1,33,-6,87,114,15.8,45,7,34,86,11.7,7,37,55,99,13.3
"Ilirska Bistrica",-62,54,-16,-24,...,-50,20,-14,-44,...,-74,26,-15,-63,-4.3,-55,19,-1,-37,-2.6,-45,-1,2,-44,-3.0,-88,7,11,-70,-4.9,-39,-4,-15,-58,-4.0,-89,-7,20,-76,-5.3,-86,36,-15,-65,-4.6,-41,28,13,0,0.0,-26,26,-33,-33,-2.3,-13,5,-13,-21,-1.5,-46,44,-48,-50,-3.5,-68,123,-115,-60,-4.3,-26,60,-51,-17,-1.2,-35,13,-15,-37,-2.7,-21,14,-6,-13,-0.9,-47,36,-20,-31,-2.2,-27,31,-66,-62,-4.5,-54,1,-34,-87,-6.3,-65,17,-75,-123,-9.0,-64,-41,-6,-111,-8.2,-56,-56,-42,-154,-11.5,-56,40,28,12,0.9
"Ivančna Gorica",44,0,78,122,...,40,2,117,159,...,32,1,140,173,13.6,19,2,166,187,14.4,-9,2,174,167,12.7,41,-4,138,175,13.1,-5,4,107,106,7.9,13,14,125,152,11.1,6,2,104,112,8.1,29,2,104,135,9.7,8,23,131,162,11.5,16,48,115,179,12.6,61,70,177,308,21.2,83,101,251,435,29.4,81,42,139,262,17.3,108,11,96,215,14.0,110,22,126,258,16.5,68,0,35,103,6.5,98,10,42,150,9.4,106,-1,75,180,11.2,75,13,-48,40,2.5,128,15,35,178,10.9,94,46,40,180,10.9,86,109,53,248,14.9
"Izola/Isola",32,16,-3,45,...,-23,21,-52,-54,...,-1,-5,23,17,1.2,-17,24,18,25,1.7,-28,40,54,66,4.5,15,118,-42,91,6.3,-30,43,35,48,3.3,-24,27,62,65,4.4,-4,70,40,106,7.1,4,42,65,111,7.4,14,165,13,192,12.7,-29,138,-12,97,6.3,31,321,-13,339,21.8,46,425,150,621,39.5,47,102,-14,135,8.4,68,-38,-182,-152,-9.6,-8,42,35,69,4.3,-27,31,11,15,0.9,2,-8,-115,-121,-7.6,11,31,-9,33,2.1,-9,75,28,94,5.9,-26,23,56,53,3.3,-66,66,-1,-1,-0.1,-2,215,95,308,19.1
"Jesenice",-21,-16,-14,-51,...,34,5,35,74,...,3,-2,-26,-25,-1.0,-40,-114,-27,-181,-6.9,-18,19,-36,-35,-1.6,-7,-27,-87,-121,-5.5,-32,43,-65,-54,-2.5,14,-26,-94,-106,-4.8,22,-15,-48,-41,-1.9,39,-13,-34,-8,-0.4,-20,27,-42,-35,-1.6,29,6,-118,-83,-3.8,19,105,-152,-28,-1.3,3,268,-140,131,6.0,9,31,-267,-227,-10.4,4,-13,-41,-50,-2.3,3,-48,-80,-125,-5.8,19,-88,-68,-137,-6.4,-19,-104,-4,-127,-6.0,2,-207,-20,-225,-10.7,-29,-159,8,-180,-8.6,-3,-154,50,-107,-5.2,-10,-38,56,8,0.4,-26,276,-17,233,11.2
"Jezersko",-,-,-,-,...,-,-,-,-,...,-,-,-,-,-,-,-,-,-,-,0,0,-3,-3,-4.4,9,-1,-2,6,8.9,-1,-4,-5,-10,-14.9,6,-4,3,5,7.4,1,2,12,15,22.0,3,0,-2,1,1.5,1,-1,3,3,4.4,0,4,8,12,17.2,-4,2,-14,-16,-22.9,-5,3,9,7,10.4,0,-2,-9,-11,-16.5,1,0,0,1,1.5,-7,-3,-14,-24,-36.4,-1,0,-5,-6,-9.4,7,0,11,18,28.1,-1,1,-7,-7,-10.8,-1,-5,-15,-21,-33.1,3,-1,-1,1,1.6,-1,-4,9,4,6.4,0,1,2,3,4.8
"Juršinci",7,1,-13,-5,...,-3,2,-3,-4,...,-9,0,5,-4,-1.7,-12,-2,6,-8,-3.4,-20,3,0,-17,-7.3,-8,0,10,2,0.9,-10,1,1,-8,-3.4,-1,-7,9,1,0.4,-15,1,9,-5,-2.1,-8,-5,9,-4,-1.7,8,-1,-3,4,1.7,-9,-13,22,0,0.0,4,-7,22,19,8.1,0,1,3,4,1.7,11,1,-13,-1,-0.4,13,-7,5,11,4.7,1,-4,11,8,3.4,-1,-17,47,29,12.0,-8,-14,25,3,1.3,-3,-13,-10,-26,-10.9,-6,-14,13,-7,-3.0,-1,5,15,19,8.0,-1,1,-1,-1,-0.4,-16,2,1,-13,-5.5
"Kamnik",88,18,53,159,...,76,1,128,205,...,13,-9,78,82,2.7,53,-17,128,164,5.5,65,36,158,259,10.0,68,67,72,207,7.9,44,-50,78,72,2.7,77,-40,37,74,2.8,53,39,104,196,7.3,61,7,133,201,7.5,61,84,78,223,8.2,116,74,167,357,13.0,119,206,361,686,24.5,167,221,5,393,13.7,169,176,-35,310,10.7,163,25,-72,116,4.0,188,35,-166,57,2.0,131,49,-43,137,4.7,123,70,-64,129,4.4,122,16,-89,49,1.7,45,-22,-93,-70,-2.4,60,31,-40,51,1.7,95,14,-33,76,2.6,102,169,-69,202,6.8
"Kanal",-43,3,-27,-67,...,-28,-2,-21,-51,...,-21,5,19,3,0.5,-27,-1,-28,-56,-8.9,-19,43,-10,14,2.2,-10,17,-10,-3,-0.5,-13,-33,-32,-78,-12.3,-20,7,-17,-30,-4.8,-29,11,-3,-21,-3.4,-31,-3,-22,-56,-9.1,-40,19,-22,-43,-7.0,-42,10,-34,-66,-10.9,-31,52,-22,-1,-0.2,1,47,-104,-56,-9.5,8,-15,-118,-125,-21.5,11,14,-43,-18,-3.1,-2,-11,-56,-69,-12.1,-18,0,-21,-39,-6.9,-7,-10,-70,-87,-15.5,-9,-16,-32,-57,-10.3,-26,-11,-34,-71,-12.9,-26,-3,-60,-89,-16.5,-15,5,-21,-31,-5.8,-19,27,-19,-11,-2.1
"Kidričevo",-12,2,49,39,...,-9,3,7,1,...,-10,2,13,5,0.7,1,0,42,43,6.4,4,-1,43,46,6.8,-15,3,-12,-24,-3.5,-28,47,10,29,4.2,-26,10,16,0,0.0,-25,12,-2,-15,-2.2,1,5,11,17,2.5,-15,12,11,8,1.2,-20,26,19,25,3.7,-5,35,-45,-15,-2.2,-1,42,-16,25,3.8,7,5,49,61,9.1,-2,3,-38,-37,-5.5,-6,7,5,6,0.9,14,-10,-28,-24,-3.6,-11,-29,5,-35,-5.3,-13,-23,-42,-78,-11.9,-23,-18,-21,-62,-9.6,3,4,-37,-30,-4.7,-14,10,36,32,5.0,-2,16,32,46,7.1
"Kobarid",-3,6,-3,0,...,-21,7,-11,-25,...,-40,0,-11,-51,-10.9,-23,-5,1,-27,-5.8,-22,-17,-6,-45,-9.8,-24,9,9,-6,-1.3,-16,-2,8,-10,-2.2,-25,8,-13,-30,-6.5,-28,12,5,-11,-2.4,-20,-2,-8,-30,-6.7,-27,24,-15,-18,-4.0,-22,-6,-12,-40,-8.9,-27,29,-19,-17,-3.8,-15,17,-50,-48,-11.4,7,20,-72,-45,-10.7,1,4,-4,1,0.2,4,-3,-13,-12,-2.9,4,10,-3,11,2.6,19,-7,-38,-26,-6.2,-18,8,-17,-27,-6.5,-6,-13,5,-14,-3.4,-16,6,-6,-16,-3.9,-20,-8,25,-3,-0.7,-9,12,-28,-25,-6.1
"Kobilje",-8,0,12,4,...,0,-1,-3,-4,...,0,1,6,7,11.0,-5,0,4,-1,-1.6,-5,-1,5,-1,-1.6,-6,1,-8,-13,-20.8,-4,0,2,-2,-3.2,-1,0,13,12,18.9,-1,-3,-3,-7,-11.1,0,-2,2,0,0.0,2,2,2,6,9.5,-2,1,-3,-4,-6.3,-6,1,-1,-6,-9.6,-1,-1,6,4,6.5,0,0,-8,-8,-13.1,4,0,6,10,16.4,0,0,4,4,6.4,-3,-20,-8,-31,-51.2,5,-3,-6,-4,-6.8,-2,0,7,5,8.5,4,-4,-17,-17,-29.1,-3,-2,-9,-14,-24.6,0,2,-3,-1,-1.8,-6,-1,-10,-17,-30.9
"Kočevje",-2,39,-40,-3,...,-6,17,-2,9,...,-3,6,-18,-15,-0.9,-39,15,-45,-69,-4.0,-9,22,-14,-1,-0.1,-3,7,-10,-6,-0.4,1,47,-44,4,0.2,4,60,-32,32,1.9,-15,15,-41,-41,-2.5,17,23,21,61,3.6,-8,67,-36,23,1.4,-20,34,0,14,0.8,-9,139,-44,86,5.1,8,139,-41,106,6.3,-35,2,-102,-135,-8.1,46,-29,-63,-46,-2.8,40,25,-63,2,0.1,-2,10,-138,-130,-7.9,1,-25,-167,-191,-11.7,19,-25,-110,-116,-7.2,2,-13,-55,-66,-4.1,-19,-4,-99,-122,-7.6,5,-38,-76,-109,-6.9,-47,72,-111,-86,-5.5
"Komen",-34,7,19,-8,...,-9,4,2,-3,...,-8,4,5,1,0.3,-26,0,4,-22,-6.1,-32,-1,24,-9,-2.5,-18,4,7,-7,-1.9,-7,1,-1,-7,-1.9,-20,11,-1,-10,-2.8,-27,7,10,-10,-2.8,-10,2,-24,-32,-8.9,-9,0,-6,-15,-4.2,-12,-4,-2,-18,-5.1,-5,17,8,20,5.6,8,33,-45,-4,-1.2,-6,16,12,22,6.3,22,5,-16,11,3.1,4,11,11,26,7.3,22,3,-41,-16,-4.5,16,0,-3,13,3.6,2,-3,3,2,0.6,-11,-1,-30,-42,-11.9,-6,12,1,7,2.0,-2,-3,18,13,3.7,-11,14,-6,-3,-0.9
"Komenda",-,-,-,-,...,-,-,-,-,...,-,-,-,-,-,-,-,-,-,-,16,-2,56,70,16.2,22,10,6,38,8.7,31,6,27,64,14.5,25,-13,20,32,7.1,17,9,40,66,14.6,20,-5,17,32,7.0,32,34,43,109,23.4,37,14,39,90,19.0,45,22,29,96,19.9,45,35,200,280,56.5,65,62,109,236,45.2,65,8,67,140,26.0,82,15,129,226,40.3,47,12,3,62,10.8,48,15,60,123,21.1,66,9,-9,66,11.2,58,1,11,70,11.8,60,13,35,108,17.9,55,4,25,84,13.7,41,29,9,79,12.7
"Koper/Capodistria",-29,54,64,89,...,13,30,103,146,...,-103,3,83,-17,-0.4,-51,20,107,76,1.6,-31,170,152,291,6.1,-27,143,182,298,6.2,-76,106,77,107,2.2,-59,136,60,137,2.8,-71,220,172,321,6.6,-14,67,110,163,3.3,-40,333,116,409,8.3,-1,226,196,421,8.4,17,685,194,896,17.9,100,1055,195,1350,26.6,106,623,408,1137,21.9,113,101,275,489,9.3,90,160,85,335,6.3,159,218,-83,294,5.5,68,130,908,1106,20.6,133,-84,-334,-285,-5.2,62,57,28,147,2.9,52,161,103,316,6.2,11,168,252,431,8.3,-55,309,187,441,8.5
"Kostanjevica na Krki",-,-,-,-,...,-,-,-,-,...,-,-,-,-,-,-,-,-,-,-,-,-,-,-,-,-,-,-,-,-,-,-,-,-,-,-,-,-,-,-,-,-,-,-,-,-,-,-,-,-,-,-,-,-,-,-,-,-,-,-,-4,-3,6,-1,-0.4,2,7,-17,-8,-3.3,-1,0,-8,-9,-3.7,-3,-1,-13,-17,-7.0,18,-1,-7,10,4.1,5,-2,1,4,1.7,-3,2,-15,-16,-6.6,19,3,34,56,23.1,-1,-16,-19,-36,-14.7,-2,-10,18,6,2.5,8,6,0,14,5.7,11,22,-21,12,4.9
"Kostel",-,-,-,-,...,-,-,-,-,...,-,-,-,-,-,-,-,-,-,-,-7,1,13,7,10.3,-11,1,13,3,4.5,-13,2,14,3,4.4,-13,2,19,8,11.7,-6,-2,3,-5,-7.3,-2,4,4,6,8.6,-4,-2,-1,-7,-10.0,-4,0,-2,-6,-8.8,-5,-3,14,6,8.8,-3,2,-18,-19,-29.2,-8,14,2,8,12.4,0,-1,-2,-3,-4.5,-10,-8,-11,-29,-44.5,-5,1,15,11,17.1,-1,1,8,8,12.3,0,0,-5,-5,-7.7,-1,3,-6,-4,-6.2,-13,-2,14,-1,-1.6,-6,-6,9,-3,-4.7,-4,-3,9,2,3.1
"Kozje",-19,6,-3,-16,...,-21,4,3,-14,...,-8,6,-13,-15,-4.2,-23,0,-11,-34,-9.8,-8,0,2,-6,-1.7,-8,-3,13,2,0.6,-20,0,-20,-40,-11.6,-38,4,-1,-35,-10.1,-14,0,-4,-18,-5.3,-32,-1,14,-19,-5.6,-18,-1,1,-18,-5.4,-6,5,2,1,0.3,-15,2,12,-1,-0.3,-9,0,-25,-34,-10.4,-12,7,-23,-28,-8.6,14,2,-19,-3,-0.9,-11,4,-22,-29,-9.0,-10,-4,-25,-39,-12.2,-25,7,-44,-62,-19.6,-16,-4,0,-20,-6.4,-9,-2,9,-2,-0.6,2,5,-23,-16,-5.2,-12,-1,-10,-23,-7.5,-2,0,-15,-17,-5.6
"Kranj",97,34,8,139,...,115,43,-65,93,...,58,-1,-133,-76,-1.5,110,-358,-174,-422,-8.1,54,165,-137,82,1.6,80,-16,-84,-20,-0.4,41,25,-173,-107,-2.1,82,-16,-204,-138,-2.7,46,47,-129,-36,-0.7,79,23,-110,-8,-0.2,96,202,-106,192,3.6,156,181,-124,213,4.0,125,497,-21,601,11.2,213,682,-243,652,12.1,254,403,-42,615,11.3,240,43,-59,224,4.1,262,177,-29,410,7.4,206,87,-219,74,1.3,237,-27,-107,103,1.9,219,80,-72,227,4.1,263,10,-20,253,4.5,186,-23,-190,-27,-0.5,177,-18,-286,-127,-2.3,116,479,-266,329,5.9
"Kranjska Gora",-12,4,6,-2,...,-8,-3,-8,-19,...,-18,-3,25,4,0.7,-8,-2,-11,-21,-3.9,-16,7,13,4,0.7,-34,-12,12,-34,-6.3,-5,15,12,22,4.1,-20,2,7,-11,-2.0,-19,7,-2,-14,-2.6,-7,1,-1,-7,-1.3,-7,2,9,4,0.7,-20,11,20,11,2.0,9,8,22,39,7.2,3,16,-74,-55,-10.3,9,-3,-56,-50,-9.4,9,17,-14,12,2.3,0,-3,40,37,7.0,-19,-25,25,-19,-3.6,-41,-1,64,22,4.1,-32,-28,15,-45,-8.4,-26,-37,55,-8,-1.5,-23,-1,17,-7,-1.3,-48,-2,-22,-72,-13.8,-33,6,15,-12,-2.3
"Križevci",-,-,-,-,...,-,-,-,-,...,-,-,-,-,-,-,-,-,-,-,-15,0,-18,-33,-9.3,7,0,13,20,5.6,-2,1,3,2,0.6,2,2,6,10,2.8,-3,1,19,17,4.8,-2,-1,2,-1,-0.3,-14,-1,-2,-17,-4.8,0,11,10,21,5.9,-10,2,-19,-27,-7.6,-10,9,25,24,6.4,-19,2,-13,-30,-8.0,-21,-6,9,-18,-4.8,-3,4,44,45,11.9,-8,-1,-9,-18,-4.8,-14,-21,-15,-50,-13.3,-20,0,10,-10,-2.7,-38,-7,-30,-75,-20.5,-13,-5,12,-6,-1.6,-21,-3,-21,-45,-12.4,-16,11,-3,-8,-2.2
"Krško",2,20,-47,-25,...,-1,4,-58,-55,...,-35,1,-46,-80,-2.8,-87,-61,-28,-176,-6.3,-56,76,-51,-31,-1.1,-25,160,-28,107,3.8,19,77,-1,95,3.4,-40,115,9,84,3.0,-53,158,-18,87,3.1,-30,60,10,40,1.4,-22,141,19,138,4.9,33,127,-30,130,4.6,-22,185,-2,161,6.2,-3,365,-243,119,4.7,47,168,-150,65,2.5,21,-7,48,62,2.4,50,26,-50,26,1.0,28,82,50,160,6.2,43,21,-223,-159,-6.1,40,8,-106,-58,-2.2,74,-6,-18,50,1.9,53,-8,-76,-31,-1.2,36,-8,-54,-26,-1.0,32,234,-108,158,6.1
"Kungota",-11,1,-8,-18,...,7,0,23,30,...,-26,2,48,24,5.6,-24,-1,5,-20,-4.7,-5,-4,26,17,4.0,-10,9,48,47,10.9,-26,-1,53,26,6.0,-3,-1,30,26,6.0,6,3,82,91,20.6,12,2,47,61,13.5,-8,-7,51,36,7.9,-24,2,104,82,17.7,1,18,16,35,7.4,8,-32,69,45,9.6,-22,14,2,-6,-1.3,19,9,64,92,19.5,5,-1,13,17,3.5,12,-9,-19,-16,-3.3,10,-5,2,7,1.5,15,-3,-2,10,2.1,0,-26,-17,-43,-9.0,-2,0,28,26,5.5,-5,-26,10,-21,-4.4,-6,13,-66,-59,-12.5
"Kuzma",-31,-3,-7,-41,...,-16,0,-9,-25,...,-25,-5,-32,-62,-14.7,-45,-1,-5,-51,-12.1,-3,0,7,4,2.4,-7,-3,-2,-12,-7.1,-11,0,9,-2,-1.2,-18,-1,-11,-30,-18.1,-1,0,-15,-16,-9.7,-12,2,17,7,4.3,-4,1,9,6,3.7,-13,0,-14,-27,-16.4,-1,-1,-10,-12,-7.4,-3,1,-18,-20,-12.6,-27,2,74,49,31.2,-22,-4,-27,-53,-33.0,-1,-1,46,44,27.5,-12,-6,-3,-21,-13.3,-12,-7,19,0,0.0,-2,-6,27,19,11.8,-12,-3,-6,-21,-13.2,-13,-19,27,-5,-3.2,-11,-7,-4,-22,-14.1,-24,5,36,17,10.9
"Laško",-27,5,-5,-27,...,-43,1,16,-26,...,-9,-3,-16,-28,-2.0,-46,4,8,-34,-2.4,-19,0,-29,-48,-3.4,-21,-6,4,-23,-1.7,-38,15,37,14,1.0,-31,5,-19,-45,-3.2,-49,-6,9,-46,-3.3,-40,-7,-27,-74,-5.4,-49,14,23,-12,-0.9,-45,32,-15,-28,-2.0,-3,72,1,70,5.1,-33,60,17,44,3.2,-76,26,71,21,1.5,-55,-10,-67,-132,-9.7,-19,22,-47,-44,-3.3,-38,-36,-25,-99,-7.4,-15,7,-75,-83,-6.2,-61,-13,3,-71,-5.3,-77,-27,-3,-107,-8.1,-4,9,-15,-10,-0.8,-76,-7,20,-63,-4.8,-40,38,-73,-75,-5.8
"Lenart",49,-8,23,64,...,15,3,17,35,...,-4,-7,26,15,0.8,-10,11,74,75,4.2,6,0,33,39,3.5,-2,-1,67,64,5.6,2,2,60,64,5.6,-4,5,116,117,10.2,-22,6,17,1,0.1,10,1,51,62,5.4,6,8,22,36,3.1,-4,4,53,53,4.6,4,13,31,48,6.6,-10,-40,273,223,28.6,-57,18,173,134,16.9,-43,0,174,131,16.2,-29,-3,72,40,4.9,-15,-15,4,-26,-3.2,-19,-15,89,55,6.8,-45,-14,68,9,1.1,-49,-19,107,39,4.7,-45,-14,33,-26,-3.1,-36,2,68,34,4.1,-60,46,158,144,17.3
"Lendava/Lendva",-85,20,20,-45,...,-48,22,-3,-29,...,-79,6,-7,-80,-6.0,-94,19,-17,-92,-6.9,-79,11,-6,-74,-6.3,-50,18,6,-26,-2.2,-60,2,-28,-86,-7.3,-56,-10,-8,-74,-6.4,-64,-7,-15,-86,-7.4,-60,0,-17,-77,-6.7,-71,7,-8,-72,-6.3,-40,45,5,10,0.9,-44,11,0,-33,-2.9,-62,-16,-107,-185,-16.4,-39,14,-117,-142,-12.7,-67,-3,-15,-85,-7.7,-67,0,44,-23,-2.1,-47,-217,-16,-280,-25.7,-57,-49,-7,-113,-10.6,-80,4,43,-33,-3.1,-47,0,9,-38,-3.6,-49,-24,40,-33,-3.1,-25,-52,-21,-98,-9.4,-48,15,37,4,0.4
"Litija",14,12,3,29,...,17,2,48,67,...,33,3,94,130,6.8,34,-11,114,137,7.2,24,9,25,58,3.0,15,1,91,107,5.6,30,6,115,151,7.8,20,-9,52,63,3.2,-20,3,18,1,0.1,-35,-10,96,51,3.5,23,15,-25,13,0.9,42,21,30,93,6.4,29,34,-3,60,4.1,81,25,41,147,10.2,79,43,44,166,11.3,72,-3,50,119,8.0,100,1,-71,30,2.0,66,22,28,116,7.8,76,11,-52,35,2.3,50,-17,-23,10,0.7,63,2,-35,30,2.0,64,-11,64,117,7.7,37,4,58,99,6.5,9,78,-53,34,2.2
"Ljubljana",48,290,-1223,-885,...,-51,166,-1446,-1331,...,-38,72,-1687,-1653,-6.0,-119,-680,-1925,-2724,-10.0,-287,593,-1933,-1627,-6.0,30,809,-1930,-1091,-4.0,-161,1113,-1415,-463,-1.7,-92,423,-1620,-1289,-4.8,-230,686,-1426,-970,-3.6,-3,982,-1345,-366,-1.4,101,1610,-1513,198,0.7,159,1479,-1434,204,0.8,394,2656,-1267,1783,6.7,831,4844,2346,8021,29.4,780,3313,627,4720,17.0,925,-132,-267,526,1.9,792,465,-695,562,2.0,812,467,1111,2390,8.5,740,133,1993,2866,10.1,702,336,313,1351,4.7,650,407,24,1081,3.8,626,383,-402,607,2.1,427,441,-269,599,2.1,302,3025,144,3471,12.0
"Ljubno",-2,0,-10,-12,...,5,-1,-5,-1,...,2,1,8,11,4.0,0,-3,-6,-9,-3.3,-10,0,14,4,1.5,-1,-1,0,-2,-0.7,-2,0,-12,-14,-5.1,-12,-3,3,-12,-4.4,-13,-4,-2,-19,-7.0,-22,-1,7,-16,-6.0,-13,4,23,14,5.2,5,0,11,16,5.9,-16,7,-22,-31,-11.5,8,16,-18,6,2.3,11,16,-8,19,7.2,1,-1,5,5,1.9,2,4,-9,-3,-1.1,7,2,-30,-21,-7.9,-7,0,-18,-25,-9.5,2,-3,-19,-20,-7.6,1,5,-3,3,1.2,8,-3,-38,-33,-12.8,0,-7,-20,-27,-10.5,9,10,-23,-4,-1.6
"Ljutomer",-26,20,11,5,...,-6,6,20,20,...,-22,9,-12,-25,-1.3,-14,-4,17,-1,-0.1,-24,0,18,-6,-0.5,-16,2,-29,-43,-3.5,-20,6,1,-13,-1.1,-48,0,46,-2,-0.2,-40,0,-19,-59,-4.8,2,-4,-5,-7,-0.6,-39,-18,1,-56,-4.6,-16,-10,6,-20,-1.7,-53,-26,-5,-84,-7.0,2,7,-116,-107,-8.9,-8,-5,-83,-96,-8.1,-7,-14,-7,-28,-2.4,-21,0,6,-15,-1.3,-36,-55,-21,-112,-9.5,-47,-24,-18,-89,-7.7,-30,-9,-12,-51,-4.4,-5,-30,6,-29,-2.5,-72,-3,-43,-118,-10.3,-38,-32,23,-47,-4.1,-56,33,-46,-69,-6.1
"Log - Dragomer",-,-,-,-,...,-,-,-,-,...,-,-,-,-,-,-,-,-,-,-,-,-,-,-,-,-,-,-,-,-,-,-,-,-,-,-,-,-,-,-,-,-,-,-,-,-,-,-,-,-,-,-,-,-,-,-,-,-,-,-,17,-23,47,41,11.8,22,22,-11,33,9.5,30,9,-2,37,10.4,32,-5,-22,5,1.4,27,3,16,46,12.7,16,-2,16,30,8.2,9,-8,-40,-39,-10.6,6,-9,22,19,5.3,22,-3,-52,-33,-9.1,12,13,20,45,12.5,10,-1,-26,-17,-4.6,5,31,-1,35,9.5
"Logatec",48,-1,79,126,...,45,0,121,166,...,38,6,123,167,15.9,66,16,128,210,19.7,59,9,92,160,14.7,50,-4,73,119,10.8,34,7,77,118,10.6,48,10,127,185,16.3,18,21,69,108,9.4,37,2,67,106,9.2,46,42,96,184,15.7,70,31,172,273,22.7,89,62,116,267,21.7,62,84,104,250,19.7,79,134,173,386,29.8,69,10,42,121,9.2,46,-11,156,191,14.4,89,29,153,271,20.0,57,-35,-11,11,0.8,69,4,-10,63,4.6,33,-9,-32,-8,-0.6,54,13,-18,49,3.5,73,-5,102,170,12.2,37,78,57,172,12.2
"Loška dolina",-17,3,-9,-23,...,15,8,6,29,...,-16,6,8,-2,-0.4,-23,23,21,21,4.0,10,11,-2,19,5.1,5,14,4,23,6.1,16,19,-18,17,4.5,-11,12,-7,-6,-1.6,5,29,-2,32,8.4,3,-1,8,10,2.6,-3,21,-2,16,4.2,12,32,18,62,15.9,-12,59,-23,24,6.1,4,53,7,64,16.7,26,108,30,164,41.7,22,-20,-56,-54,-13.7,28,0,-43,-15,-3.8,4,12,-26,-10,-2.6,7,23,-31,-1,-0.3,2,35,-36,1,0.3,5,24,-37,-8,-2.1,-7,11,-27,-23,-6.0,-3,-23,-75,-101,-26.5,0,49,-36,13,3.5
"Loški Potok",2,2,-4,0,...,5,-2,-1,2,...,-19,9,-8,-18,-8.6,-12,3,-1,-10,-4.8,-3,5,-13,-11,-5.3,-5,-1,-3,-9,-4.4,-7,-1,4,-4,-1.9,-16,9,-2,-9,-4.4,-5,3,-7,-9,-4.4,-7,-3,11,1,0.5,-17,0,2,-15,-7.3,-3,4,9,10,4.9,-5,1,-6,-10,-4.9,-9,4,11,6,3.0,-14,4,37,27,13.4,-23,-7,12,-18,-9.1,-19,1,3,-15,-7.6,-13,4,-27,-36,-18.5,-19,-14,1,-32,-16.6,-40,5,12,-23,-12.2,-24,-1,13,-12,-6.4,-21,2,16,-3,-1.6,-6,1,-22,-27,-14.6,-20,-3,-17,-40,-21.9
"Lovrenc na Pohorju",-,-,-,-,...,-,-,-,-,...,-,-,-,-,-,-,-,-,-,-,-7,-4,-8,-19,-6.0,2,-3,-4,-5,-1.6,-4,-5,-2,-11,-3.5,16,-1,3,18,5.7,-24,-2,0,-26,-8.3,-4,1,-7,-10,-3.2,-7,-1,24,16,5.1,-7,1,17,11,3.5,1,-3,6,4,1.3,0,-5,-19,-24,-7.6,4,2,-1,5,1.6,1,2,-18,-15,-4.8,-2,4,4,6,1.9,-1,1,-28,-28,-8.9,-3,4,20,21,6.7,-1,-3,2,-2,-0.6,-7,-2,-19,-28,-9.0,-13,-4,-16,-33,-10.7,-8,-3,-29,-40,-13.2,-9,9,-34,-34,-11.3
"Luče",10,-1,8,17,...,-7,0,-16,-23,...,-9,1,-12,-20,-9.1,-7,-4,-11,-22,-10.1,2,1,5,8,4.9,3,-1,-8,-6,-3.7,-7,0,3,-4,-2.5,-6,-4,-17,-27,-16.9,-5,-3,11,3,1.9,4,4,5,13,8.2,-5,-1,-2,-8,-5.0,0,2,2,4,2.5,-4,-1,-9,-14,-8.8,-7,1,-11,-17,-10.7,-2,-3,1,-4,-2.6,-3,1,-19,-21,-13.5,0,6,-21,-15,-9.7,-4,-1,-9,-14,-9.2,7,0,-29,-22,-14.5,5,-5,-11,-11,-7.4,-3,-2,19,14,9.4,4,-1,-8,-5,-3.4,7,-2,-23,-18,-12.2,5,7,-22,-10,-6.8
"Lukovica",7,-3,14,18,...,18,-4,33,47,...,10,1,30,41,8.8,21,-6,28,43,9.2,20,2,62,84,17.6,14,8,23,45,9.3,23,16,44,83,17.1,0,24,82,106,21.3,-1,74,16,89,17.4,12,-48,12,-24,-4.7,-6,5,0,-1,-0.2,22,25,63,110,21.6,35,20,27,82,15.6,48,65,40,153,28.9,32,18,19,69,12.7,45,-9,-42,-6,-1.1,36,-7,43,72,13.2,50,7,-5,52,9.4,42,-9,51,84,15.1,44,5,-7,42,7.4,46,6,5,57,10.0,34,-14,11,31,5.4,23,7,9,39,6.8,31,14,-5,40,6.9
"Majšperk",-21,3,-15,-33,...,-24,0,-8,-32,...,-19,3,-19,-35,-6.4,-23,2,-1,-22,-4.0,-2,-1,33,30,7.3,5,4,1,10,2.4,-10,-1,13,2,0.5,0,-4,0,-4,-1.0,-20,-3,13,-10,-2.4,-8,-2,-2,-12,-2.9,-2,-7,0,-9,-2.2,-7,-7,11,-3,-0.7,-8,6,16,14,3.4,-9,11,-24,-22,-5.4,7,39,1,47,11.4,-4,-15,-16,-35,-8.5,7,-16,-24,-33,-8.1,4,1,-52,-47,-11.7,7,-14,-42,-49,-12.3,16,-13,17,20,5.1,-11,8,35,32,8.0,-1,5,25,29,7.3,-10,42,-28,4,1.0,-2,33,-11,20,5.0
"Makole",-,-,-,-,...,-,-,-,-,...,-,-,-,-,-,-,-,-,-,-,-,-,-,-,-,-,-,-,-,-,-,-,-,-,-,-,-,-,-,-,-,-,-,-,-,-,-,-,-,-,-,-,-,-,-,-,-,-,-,-,-8,5,11,8,3.8,4,4,24,32,15.5,17,-2,-8,7,3.4,3,-7,-29,-33,-15.8,-5,0,15,10,4.8,9,-28,-24,-43,-20.9,6,-24,4,-14,-7.0,10,4,-1,13,6.4,10,-6,-2,2,1.0,2,-1,-16,-15,-7.4,-5,-3,2,-6,-3.0,-7,5,-2,-4,-2.0
"Maribor",-259,109,-334,-484,...,-202,56,-401,-547,...,-313,25,-642,-930,-7.0,-355,-77,-542,-974,-7.4,-355,143,-722,-934,-8.1,-381,285,-769,-865,-7.5,-315,482,-762,-595,-5.2,-308,88,-851,-1071,-9.4,-329,139,-573,-763,-6.8,-397,165,-669,-901,-8.0,-340,540,-678,-478,-4.3,-287,484,-840,-643,-5.8,-345,1561,-666,550,5.0,-191,825,-143,491,4.4,-174,526,-75,277,2.5,-212,-102,-299,-613,-5.5,-220,222,-199,-197,-1.8,-319,-45,195,-169,-1.5,-272,122,854,704,6.3,-231,95,355,219,2.0,-393,174,-290,-509,-4.6,-266,187,-670,-749,-6.8,-449,384,-150,-215,-1.9,-425,1280,333,1188,10.7
"Markovci",-,-,-,-,...,-,-,-,-,...,-,-,-,-,-,-,-,-,-,-,-8,-4,2,-10,-2.5,-4,4,1,1,0.3,-7,3,-6,-10,-2.5,-1,12,22,33,8.3,9,0,15,24,6.0,-10,0,11,1,0.2,0,0,0,0,0.0,0,-5,-11,-16,-4.0,13,-8,8,13,3.2,-3,-4,12,5,1.3,-1,13,-12,0,0.0,4,-10,-4,-10,-2.5,17,0,-18,-1,-0.3,21,6,-1,26,6.5,15,-29,-11,-25,-6.2,13,-14,-1,-2,-0.5,21,-6,8,23,5.8,5,-2,-2,1,0.2,10,-10,-11,-11,-2.7,14,19,-17,16,4.0
"Medvode",57,12,-4,65,...,17,5,72,94,...,36,-1,81,116,8.5,7,13,104,124,9.0,30,73,40,143,10.3,46,97,61,204,14.5,30,57,92,179,12.6,28,-10,127,145,10.0,22,2,52,76,5.3,31,-10,83,104,7.2,65,84,64,213,14.7,28,60,53,141,9.6,40,62,64,166,11.2,48,118,68,234,15.6,77,152,141,370,24.2,63,-52,129,140,9.1,43,-12,26,57,3.6,51,29,148,228,14.5,46,3,-24,25,1.6,18,12,69,99,6.2,17,11,42,70,4.4,22,20,162,204,12.7,10,35,84,129,7.9,34,90,92,216,13.1
"Mengeš",55,4,25,84,...,23,-2,14,35,...,20,-1,-41,-22,-3.4,16,-10,-16,-10,-1.5,8,8,20,36,5.5,24,5,17,46,7.0,17,17,13,47,7.1,33,14,-26,21,3.1,6,28,3,37,5.5,28,11,-11,28,4.1,21,20,-29,12,1.8,53,9,-14,48,7.0,38,39,77,154,22.2,26,81,105,212,29.4,17,47,106,170,23.2,14,20,-59,-25,-3.4,4,12,5,21,2.8,-9,13,66,70,9.5,-21,10,115,104,13.7,25,-19,40,46,6.1,-11,0,97,86,11.2,-32,30,50,48,6.2,-36,6,195,165,20.9,-7,83,122,198,24.8
"Metlika",10,22,23,55,...,11,5,-9,7,...,36,10,16,62,7.7,-9,30,19,40,4.9,-13,3,49,39,4.7,-6,-6,11,-1,-0.1,0,48,7,55,6.6,-25,20,3,-2,-0.2,-11,27,19,35,4.2,12,19,1,32,3.8,14,46,-11,49,5.8,0,24,-17,7,0.8,-21,4,-19,-36,-4.3,-28,50,-74,-52,-6.2,-32,34,57,59,7.0,-39,12,1,-26,-3.1,-31,51,-15,5,0.6,-24,-14,-9,-47,-5.6,-11,3,41,33,3.9,-7,0,0,-7,-0.8,-43,-24,48,-19,-2.3,-37,-46,26,-57,-6.8,-25,-13,50,12,1.4,-33,40,32,39,4.7
"Mežica",-9,0,-14,-23,...,-12,1,-2,-13,...,-16,5,-20,-31,-7.6,-6,-2,10,2,0.5,-16,0,-18,-34,-8.4,-18,-2,-3,-23,-5.7,-10,-2,-20,-32,-8.0,4,-18,-22,-36,-9.1,-2,-5,-35,-42,-10.6,-9,-8,-16,-33,-8.4,-29,-1,-24,-54,-13.8,0,8,-10,-2,-0.5,-14,7,-6,-13,-3.3,17,12,-96,-67,-17.9,1,9,-85,-75,-20.2,-5,8,-21,-18,-4.9,-26,17,-9,-18,-4.9,-9,-6,3,-12,-3.3,0,7,-19,-12,-3.3,6,-24,20,2,0.6,-17,1,-6,-22,-6.1,4,5,-36,-27,-7.6,4,7,-43,-32,-9.0,10,55,-42,23,6.5
"Miklavž na Dravskem polju",-,-,-,-,...,-,-,-,-,...,-,-,-,-,-,-,-,-,-,-,-23,17,38,32,5.6,-6,4,52,50,8.7,-9,6,80,77,13.2,17,3,84,104,17.4,-6,9,35,38,6.3,7,-2,26,31,5.1,2,-3,56,55,9.0,-5,13,38,46,7.5,-6,35,9,38,6.1,23,18,29,70,11.3,4,7,28,39,6.2,-11,-29,16,-24,-3.8,10,2,98,110,17.5,10,-24,37,23,3.6,12,0,22,34,5.3,27,-14,6,19,2.9,-1,10,61,70,10.8,13,-10,38,41,6.3,15,13,-41,-13,-2.0,-10,69,131,190,28.8
"Miren - Kostanjevica",-25,4,6,-15,...,-2,7,1,6,...,-17,1,16,0,0.0,-13,-3,20,4,0.8,-16,4,5,-7,-1.5,-4,11,26,33,6.9,-13,2,17,6,1.2,-20,1,41,22,4.5,-20,11,-15,-24,-4.9,-17,5,2,-10,-2.1,-6,10,-8,-4,-0.8,-3,5,-9,-7,-1.5,3,9,25,37,7.7,1,72,-29,44,9.2,0,42,-35,7,1.4,6,-3,-25,-22,-4.6,18,-6,22,34,7.0,5,-8,-14,-17,-3.5,10,-4,-12,-6,-1.2,14,1,-17,-2,-0.4,-9,12,-3,0,0.0,-4,-5,20,11,2.3,8,7,4,19,3.9,16,30,45,91,18.6
"Mirna",-,-,-,-,-,-,-,-,-,-,-,-,-,-,-,-,-,-,-,-,-,-,-,-,-,-,-,-,-,-,-,-,-,-,-,-,-,-,-,-,-,-,-,-,-,-,-,-,-,-,-,-,-,-,-,-,-,-,-,-,-,-,-,-,-,-,-,-,-,-,-,-,-,-,-,-,-,-,-,-,-,-,-,-,-,1,7,-38,-30,-11.7,10,8,-40,-22,-8.5,6,1,-38,-31,-12.1,18,-4,-22,-8,-3.2,19,-3,24,40,15.8,-2,6,18,22,8.5,8,35,-3,40,15.5
"Mirna Peč",-,-,-,-,...,-,-,-,-,...,-,-,-,-,-,-,-,-,-,-,1,-2,-3,-4,-1.5,13,-2,25,36,13.4,4,-2,13,15,5.5,-5,0,8,3,1.1,-3,1,8,6,2.2,-9,2,23,16,5.8,-5,1,13,9,3.2,6,-3,6,9,3.2,12,-1,-1,10,3.6,8,6,12,26,9.4,6,1,3,10,3.6,25,2,-1,26,9.3,13,-2,21,32,11.4,22,-1,-10,11,3.9,19,-2,20,37,12.9,13,-9,-13,-9,-3.1,19,-5,24,38,13.1,11,-2,13,22,7.5,26,-1,5,30,10.1,15,5,-9,11,3.7
"Mislinja",7,3,14,24,...,-6,0,-7,-13,...,18,1,47,66,14.5,31,-2,18,47,10.2,12,0,5,17,3.7,19,2,33,54,11.6,-8,0,3,-5,-1.1,-4,0,20,16,3.4,12,0,21,33,7.0,-3,-1,16,12,2.5,-2,-1,10,7,1.5,10,-3,-15,-8,-1.7,2,4,-5,1,0.2,23,3,-12,14,3.0,5,3,-54,-46,-9.8,15,6,-15,6,1.3,5,-2,-49,-46,-9.8,22,0,-5,17,3.6,14,-9,-48,-43,-9.3,3,-8,-24,-29,-6.3,4,-8,-11,-15,-3.3,14,-3,-27,-16,-3.5,12,-15,0,-3,-0.7,10,5,-28,-13,-2.9
"Mokronog - Trebelno",-,-,-,-,...,-,-,-,-,...,-,-,-,-,-,-,-,-,-,-,-,-,-,-,-,-,-,-,-,-,-,-,-,-,-,-,-,-,-,-,-,-,-,-,-,-,-,-,-,-,-,-,-,-,-,-,-,-,-,-,4,28,3,35,11.9,26,15,-57,-16,-5.6,1,1,5,7,2.4,17,3,-7,13,4.5,1,6,20,27,9.1,-1,-11,30,18,6.0,20,4,27,51,16.9,4,1,-8,-3,-1.0,5,2,-4,3,1.0,15,-6,5,14,4.6,14,-4,-22,-12,-4.0,15,0,10,25,8.1
"Moravče",16,-2,28,42,...,31,1,26,58,...,16,2,3,21,4.8,11,-4,32,39,8.9,14,-2,46,58,13.4,25,1,31,57,13.1,26,-1,34,59,13.4,30,-10,43,63,14.0,10,-1,30,39,8.6,29,4,37,70,15.2,14,7,18,39,8.4,30,5,25,60,12.7,19,7,31,57,11.9,29,9,-3,35,7.2,39,7,61,107,22.0,49,7,53,109,21.9,28,-4,27,51,10.0,17,-5,27,39,7.6,26,-1,18,43,8.3,22,-5,22,39,7.5,36,0,25,61,11.6,24,-6,20,38,7.2,16,-9,11,18,3.4,21,16,48,85,15.9
"Moravske Toplice",-43,-1,14,-30,...,-51,0,34,-17,...,-47,-3,35,-15,-2.4,-52,-5,62,5,0.8,-64,-15,0,-79,-12.5,-27,-69,23,-73,-11.5,-45,2,45,2,0.3,-43,1,18,-24,-3.8,-64,-2,24,-42,-6.7,-34,-3,39,2,0.3,-41,53,25,37,5.9,-32,-16,4,-44,-7.0,-40,39,13,12,1.9,-23,0,-72,-95,-15.6,-28,-10,-18,-56,-9.3,-33,-5,22,-16,-2.7,-12,-7,-4,-23,-3.9,-15,-13,-24,-52,-8.7,-18,-2,-27,-47,-8.0,-15,-3,8,-10,-1.7,11,-4,-12,-5,-0.8,-14,-11,9,-16,-2.7,0,-16,12,-4,-0.7,0,2,-17,-15,-2.6
"Mozirje",5,0,11,16,...,6,-4,16,18,...,11,-1,14,24,3.8,-2,-5,41,34,5.4,20,6,26,52,8.4,2,19,9,30,4.8,4,-2,25,27,4.3,11,9,57,77,12.2,-12,24,-20,-8,-1.3,19,16,-1,34,5.3,0,-1,0,-1,-0.2,-4,16,38,50,7.8,6,17,-17,6,1.5,26,32,-2,56,13.8,13,11,-24,0,0.0,-5,-1,34,28,6.9,6,1,-14,-7,-1.7,25,13,-28,10,2.4,-9,62,-47,6,1.5,10,-25,-18,-33,-8.0,21,-44,10,-13,-3.2,2,7,-27,-18,-4.4,16,2,35,53,13.1,7,9,-2,14,3.4
"Murska Sobota",23,4,-75,-48,...,-30,0,-91,-121,...,-4,-9,-31,-44,-2.1,-23,1,-162,-184,-9.0,-44,3,-98,-139,-6.8,-22,14,-112,-120,-5.9,-16,20,-52,-48,-2.4,13,17,-104,-74,-3.7,-27,6,-103,-124,-6.2,-27,2,-107,-132,-6.6,-65,40,-107,-132,-6.7,-11,34,-52,-29,-1.5,7,44,-55,-4,-0.2,-12,43,-144,-113,-5.8,-6,-9,-89,-104,-5.4,-31,-22,-14,-67,-3.5,-62,11,9,-42,-2.2,-72,-34,-21,-127,-6.6,-71,-32,-71,-174,-9.1,-64,-38,65,-37,-2.0,-71,-41,61,-51,-2.7,-49,-33,28,-54,-2.9,-73,-52,-14,-139,-7.4,-64,45,14,-5,-0.3
"Muta",3,-4,6,5,...,9,2,-8,3,...,6,1,21,28,7.4,25,-1,-27,-3,-0.8,-2,-3,0,-5,-1.3,9,-1,-17,-9,-2.4,5,-3,-12,-10,-2.7,-3,-8,-26,-37,-9.9,-6,-1,-13,-20,-5.4,-2,-7,-10,-19,-5.1,0,3,3,6,1.6,3,-2,-14,-13,-3.5,1,-6,-5,-10,-2.7,5,-6,-37,-38,-10.7,1,-3,-36,-38,-10.7,13,-3,-20,-10,-2.8,10,-3,-28,-21,-6.0,0,-5,-25,-30,-8.6,0,-2,-31,-33,-9.6,20,-12,-31,-23,-6.7,1,-10,-26,-35,-10.4,22,-9,12,25,7.4,-1,-10,4,-7,-2.1,6,7,-12,1,0.3
"Naklo",15,-2,21,34,...,14,0,15,29,...,23,0,17,40,8.4,9,5,-20,-6,-1.3,14,-5,11,20,4.1,13,7,47,67,13.8,12,-1,28,39,8.0,13,5,32,50,10.1,11,3,18,32,6.4,14,-9,18,23,4.6,16,0,-26,-10,-2.0,34,12,15,61,12.1,27,37,-4,60,11.7,39,25,-9,55,10.7,43,15,-4,54,10.4,22,-3,7,26,5.0,29,8,-11,26,4.9,22,10,24,56,10.6,13,-8,-53,-48,-9.0,-7,8,12,13,2.5,8,3,-28,-17,-3.2,2,16,50,68,12.8,-4,-9,37,24,4.5,-4,46,0,42,7.8
"Nazarje",7,2,7,16,...,-1,1,-9,-9,...,0,0,-5,-5,-2.0,4,-1,5,8,3.2,-1,-2,-8,-11,-4.0,-6,-3,-4,-13,-4.8,0,-1,20,19,7.0,-5,-2,-7,-14,-5.2,-19,-6,-8,-33,-12.2,-10,-1,-6,-17,-6.4,-9,0,-4,-13,-4.9,-5,1,-14,-18,-6.8,5,2,26,33,12.4,-1,7,-24,-18,-6.9,1,15,-34,-18,-7.0,2,-1,16,17,6.5,1,20,-16,5,1.9,6,21,-7,20,7.7,-7,4,-47,-50,-19.2,6,14,-15,5,1.9,0,11,-7,4,1.6,6,14,-20,0,0.0,1,21,-15,7,2.7,14,28,-8,34,13.1
"Nova Gorica",16,19,-20,15,...,-11,7,-23,-27,...,-20,6,-74,-88,-2.1,-80,-228,-34,-342,-8.0,-25,193,-46,122,3.4,-74,120,-21,25,0.7,-3,52,-34,15,0.4,-29,136,-126,-19,-0.5,-58,156,-74,24,0.7,-42,97,-144,-89,-2.5,-14,244,-72,158,4.4,-18,173,-97,58,1.6,44,593,-119,518,16.2,18,407,-162,263,8.3,-24,260,-149,87,2.7,45,21,-63,3,0.1,37,39,-203,-127,-4.0,2,27,-96,-67,-2.1,-32,45,-175,-162,-5.1,-42,64,0,22,0.7,-65,37,40,12,0.4,-27,87,-33,27,0.8,-68,10,-128,-186,-5.9,-51,335,-127,157,5.0
"Novo mesto",61,27,-54,34,...,136,-2,19,153,...,92,8,56,156,3.0,96,-139,-66,-109,-2.1,78,54,-36,96,2.3,62,50,-32,80,1.9,78,-48,-34,-4,-0.1,101,40,-71,70,1.7,71,102,-14,159,3.8,29,66,0,95,2.3,24,195,-101,118,2.8,163,202,-47,318,7.6,100,426,-28,498,14.0,122,555,-259,418,11.8,71,371,-49,393,11.0,176,70,84,330,9.1,140,46,-97,89,2.5,124,-20,-200,-96,-2.6,119,3,-76,46,1.3,125,-9,-80,36,1.0,77,79,-27,129,3.5,100,-19,-152,-71,-1.9,62,18,22,102,2.8,71,614,-150,535,14.6
"Odranci",-7,0,5,-2,...,-9,0,-5,-14,...,-7,0,-4,-11,-6.3,2,0,1,3,1.7,8,0,7,15,8.6,-4,-1,-5,-10,-5.8,-5,-3,2,-6,-3.4,-3,-1,-20,-24,-13.9,-5,1,-8,-12,-7.0,2,-1,-8,-7,-4.1,-1,2,1,2,1.2,-8,0,0,-8,-4.7,1,2,10,13,7.6,9,-6,-3,0,0.0,10,-2,-12,-4,-2.4,7,-3,1,5,2.9,-5,-2,-20,-27,-16.0,0,-14,-13,-27,-16.3,6,-3,-12,-9,-5.5,6,-1,18,23,14.0,3,-8,-9,-14,-8.5,-9,-2,5,-6,-3.7,4,-12,-3,-11,-6.7,-6,8,18,20,12.2
"Oplotnica",-,-,-,-,...,-,-,-,-,...,-,-,-,-,-,-,-,-,-,-,-4,-4,-1,-9,-2.3,2,-2,24,24,6.1,-6,1,8,3,0.8,-6,-2,-8,-16,-4.0,-2,-12,8,-6,-1.5,3,0,11,14,3.5,-3,-4,0,-7,-1.8,-4,0,8,4,1.0,-4,-1,13,8,2.0,17,0,-24,-7,-1.8,6,6,-11,1,0.3,20,-16,11,15,3.8,10,11,10,31,7.8,18,-2,11,27,6.7,20,-3,-15,2,0.5,12,-2,6,16,3.9,11,4,15,30,7.4,7,-3,19,23,5.6,3,2,-4,1,0.2,12,5,1,18,4.4
"Ormož",-12,8,-31,-35,...,-14,17,15,18,...,-42,14,19,-9,-0.5,-47,23,24,0,0.0,-28,0,20,-8,-0.5,-36,12,31,7,0.4,-42,23,17,-2,-0.1,-54,8,22,-24,-1.4,-47,11,-13,-49,-2.8,-50,11,19,-20,-1.1,-54,34,-23,-43,-2.4,-30,14,-2,-18,-1.0,-45,23,-6,-28,-2.1,-33,-241,-48,-322,-25.3,-15,23,-24,-16,-1.3,-11,-10,9,-12,-0.9,-34,-1,-18,-53,-4.2,-27,-21,0,-48,-3.8,-50,-25,-31,-106,-8.5,-41,-3,32,-12,-1.0,-22,-17,-54,-93,-7.5,-69,-22,-12,-103,-8.4,-54,-7,-38,-99,-8.1,-68,6,-107,-169,-14.0
"Osilnica",-5,3,8,6,...,-7,7,3,3,...,-4,0,-3,-7,-16.3,-5,-2,1,-6,-14.2,-9,-1,-1,-11,-26.2,-2,1,-1,-2,-5.0,-10,1,-2,-11,-27.4,-5,5,3,3,7.4,0,4,13,17,40.2,-5,-1,1,-5,-11.5,1,-1,0,0,0.0,-4,4,5,5,11.8,-9,-2,-5,-16,-37.4,-3,11,-9,-1,-2.5,-4,8,-16,-12,-29.9,-2,2,1,1,2.5,2,4,-2,4,10.0,-1,-5,-6,-12,-29.1,-4,0,-5,-9,-23.3,-3,-3,-7,-13,-34.8,-2,2,-2,-2,-5.3,2,1,4,7,18.9,-6,1,-2,-7,-19.0,1,1,-4,-2,-5.5
"Pesnica",-13,-3,17,1,...,-18,9,48,39,...,-31,-3,71,37,5.3,-18,-4,50,28,4.0,5,0,35,40,5.6,-4,2,96,94,13.1,15,18,57,90,12.3,-16,17,58,59,8.0,16,15,61,92,12.4,-2,-4,15,9,1.2,-33,6,-7,-34,-4.6,4,42,45,91,12.2,-32,16,46,30,4.0,-32,-31,20,-43,-5.7,-19,15,41,37,4.9,-14,3,18,7,0.9,-39,-18,17,-40,-5.3,-10,-1,39,28,3.7,-37,-15,2,-50,-6.6,-40,0,53,13,1.7,-54,-23,-46,-123,-16.5,-42,-13,32,-23,-3.1,-44,14,33,3,0.4,-88,11,44,-33,-4.5
"Piran/Pirano",-33,63,-49,-19,...,-10,19,-2,7,...,-10,-1,-12,-23,-1.3,-46,-18,-50,-114,-6.6,-12,45,-29,4,0.2,-11,51,-28,12,0.7,-43,117,-38,36,2.1,-25,10,-24,-39,-2.2,-42,48,-40,-34,-1.9,-49,14,-42,-77,-4.4,-35,71,-41,-5,-0.3,-12,6,-86,-92,-5.3,0,144,-110,34,2.0,15,170,-199,-14,-0.8,-42,225,288,471,26.8,-28,-9,17,-20,-1.1,7,-4,-81,-78,-4.4,-5,188,55,238,13.5,-52,-7,-72,-131,-7.4,-6,46,65,105,5.9,-69,53,-16,-32,-1.8,-39,88,-96,-47,-2.6,-13,11,-125,-127,-7.2,-53,121,-42,26,1.5
"Pivka",-16,5,1,-10,...,-4,1,15,12,...,-28,6,18,-4,-0.7,-29,-8,14,-23,-3.9,-15,4,9,-2,-0.3,1,-1,13,13,2.2,-7,7,15,15,2.5,-16,17,-17,-16,-2.7,-19,-1,-30,-50,-8.4,1,12,-22,-9,-1.5,-23,25,17,19,3.2,-15,42,1,28,4.7,-5,22,24,41,6.8,16,56,-20,52,8.7,5,24,-96,-67,-11.2,26,-1,13,38,6.4,32,-3,-17,12,2.0,20,14,32,66,11.0,27,-1,-32,-6,-1.0,4,6,-10,0,0.0,17,36,-29,24,4.0,19,4,-15,8,1.3,7,0,-34,-27,-4.5,7,65,45,117,19.1
"Podčetrtek",-19,18,-11,-12,...,-24,4,-1,-21,...,-23,16,35,28,5.8,-16,12,8,4,0.8,-8,11,-11,-8,-2.4,-14,1,3,-10,-3.0,-13,-10,0,-23,-7.0,-9,5,26,22,6.7,-6,7,19,20,6.0,-18,-1,32,13,3.9,-21,3,15,-3,-0.9,-30,4,21,-5,-1.5,-8,4,-3,-7,-2.1,2,9,-3,8,2.4,7,12,-4,15,4.5,5,-6,17,16,4.8,6,-1,-3,2,0.6,0,2,-6,-4,-1.2,-6,3,-2,-5,-1.5,-3,13,-8,2,0.6,10,-1,-2,7,2.1,5,6,18,29,8.7,-4,-10,15,1,0.3,4,26,48,78,22.9
"Podlehnik",-,-,-,-,...,-,-,-,-,...,-,-,-,-,-,-,-,-,-,-,-17,1,-1,-17,-8.8,-10,-2,15,3,1.6,-10,0,5,-5,-2.6,2,1,17,20,10.4,-12,3,-7,-16,-8.3,-9,3,-7,-13,-6.7,9,3,4,16,8.3,-7,-1,19,11,5.6,-13,2,-5,-16,-8.2,1,4,-17,-12,-6.2,-9,3,-11,-17,-9.0,7,-7,6,6,3.2,-20,0,-13,-33,-17.6,0,-7,22,15,7.9,-5,-1,-7,-13,-7.0,-2,-8,-32,-42,-22.9,-6,5,5,4,2.2,-3,77,-12,62,34.3,-3,5,-17,-15,-8.0,1,-33,-10,-42,-22.6
"Podvelka",-24,-1,-26,-51,...,-13,-2,-9,-24,...,-23,-2,-4,-29,-6.9,-22,0,10,-12,-2.9,-18,0,-11,-29,-10.2,2,-5,-23,-26,-9.2,-18,-1,-22,-41,-14.7,-5,1,-7,-11,-4.0,-11,4,2,-5,-1.8,-13,-1,4,-10,-3.6,-19,2,-6,-23,-8.4,-11,11,-13,-13,-4.8,11,3,-19,-5,-1.9,-3,-8,-33,-44,-16.8,1,0,-47,-46,-17.6,-1,-2,-34,-37,-14.4,-9,-3,-8,-20,-7.9,-10,-2,-19,-31,-12.4,-10,1,-45,-54,-22.0,-2,-7,-36,-45,-18.6,-7,-5,-17,-29,-12.1,-7,-3,3,-7,-3.0,15,-10,-12,-7,-3.0,-5,1,1,-3,-1.3
"Poljčane",-,-,-,-,...,-,-,-,-,...,-,-,-,-,-,-,-,-,-,-,-,-,-,-,-,-,-,-,-,-,-,-,-,-,-,-,-,-,-,-,-,-,-,-,-,-,-,-,-,-,-,-,-,-,-,-,-,-,-,-,3,-20,-10,-27,-6.2,-22,22,3,3,0.7,-48,19,99,70,15.4,-34,0,35,1,0.2,-54,-7,73,12,2.6,-43,-34,56,-21,-4.6,-70,-18,2,-86,-19.1,-27,3,6,-18,-4.0,-28,-12,9,-31,-7.0,-59,-6,75,10,2.3,-57,-15,-1,-73,-16.5,-31,12,90,71,16.2
"Polzela",-,-,-,-,...,-,-,-,-,...,-,-,-,-,-,-,-,-,-,-,5,-1,24,28,5.4,9,3,25,37,7.1,-19,3,50,34,6.5,2,-2,38,38,7.2,-4,9,17,22,4.1,-6,28,62,84,15.7,17,14,70,101,18.6,21,8,37,66,11.9,13,30,29,72,12.9,3,40,152,195,33.9,-30,24,64,58,9.8,-53,-1,96,42,7.1,-24,-11,28,-7,-1.2,-24,-16,79,39,6.5,-25,9,81,65,10.8,-29,-5,58,24,3.9,-43,-5,98,50,8.2,-39,9,71,41,6.7,-46,-16,57,-5,-0.8,-50,12,59,21,3.4
"Postojna",-5,10,101,106,...,8,16,57,81,...,-8,3,14,9,0.6,5,-64,31,-28,-2.0,-8,62,55,109,7.5,-13,58,22,67,4.6,2,43,14,59,4.0,-20,17,17,14,1.0,10,72,15,97,6.6,1,-6,27,22,1.5,10,10,19,39,2.6,8,89,7,104,7.0,18,264,58,340,22.6,49,165,30,244,15.8,40,85,115,240,15.4,23,47,6,76,4.8,71,-14,-39,18,1.1,32,17,-9,40,2.5,56,71,3,130,8.2,34,19,55,108,6.8,34,71,-23,82,5.1,15,61,32,108,6.7,27,53,-45,35,2.2,-14,100,-102,-16,-1.0
"Prebold",-,-,-,-,...,-,-,-,-,...,-,-,-,-,-,-,-,-,-,-,-7,-3,2,-8,-1.8,-8,2,35,29,6.3,5,17,16,38,8.2,-4,1,11,8,1.7,2,2,5,9,1.9,-10,13,3,6,1.3,-11,-6,-20,-37,-8.0,-10,3,2,-5,-1.1,-8,25,5,22,4.8,18,37,2,57,12.5,17,9,93,119,25.4,23,0,155,178,37.2,16,3,54,73,14.5,-24,45,32,53,10.6,3,-47,-5,-49,-9.8,-4,-34,36,-2,-0.4,-14,-5,28,9,1.8,-33,11,83,61,12.1,-19,-4,25,2,0.4,-5,28,-6,17,3.4
"Preddvor",-3,5,19,21,...,7,3,54,64,...,4,0,-2,2,0.6,20,1,0,21,5.8,4,1,14,19,6.4,6,3,21,30,10.1,11,1,25,37,12.2,-10,3,39,32,10.4,1,-5,30,26,8.3,17,3,30,50,16.0,1,1,1,3,0.9,9,1,26,36,11.2,10,19,17,46,14.1,1,24,13,38,10.9,-31,-13,15,-29,-8.4,-11,3,95,87,24.9,-15,1,23,9,2.5,-18,-5,41,18,5.0,-15,-1,11,-5,-1.4,-21,-2,49,26,7.3,-40,0,41,1,0.3,-36,-7,58,15,4.2,-38,-7,68,23,6.4,-36,18,87,69,18.9
"Prevalje",-,-,-,-,...,-,-,-,-,...,-,-,-,-,-,-,-,-,-,-,-9,-1,-8,-18,-2.8,-7,-2,3,-6,-0.9,-5,-13,20,2,0.3,-19,6,31,18,2.7,-19,0,32,13,2.0,6,23,14,43,6.5,-24,41,7,24,3.6,-12,7,7,2,0.3,2,22,14,38,5.7,-29,53,83,107,15.9,-13,29,30,46,6.8,-33,17,30,14,2.0,-63,13,33,-17,-2.5,-16,13,-10,-13,-1.9,-27,-17,14,-30,-4.4,-32,-12,32,-12,-1.8,-36,-3,22,-17,-2.5,-26,-6,23,-9,-1.3,-48,23,69,44,6.5,-55,55,-4,-4,-0.6
"Ptuj",45,18,31,94,...,14,7,5,26,...,-24,-4,53,25,0.8,-13,2,70,59,1.9,-25,5,-58,-78,-3.2,-18,21,-3,0,0.0,-18,55,-62,-25,-1.0,-25,-18,-97,-140,-5.8,-36,15,-65,-86,-3.6,3,15,-87,-69,-2.9,-12,-9,-44,-65,-2.7,-7,14,-71,-64,-2.7,-14,66,-85,-33,-1.4,4,147,-40,111,4.7,18,139,-238,-81,-3.4,-12,-28,12,-28,-1.2,-49,-12,8,-53,-2.2,-37,-79,-81,-197,-8.4,-62,75,-180,-167,-7.2,-36,-7,-30,-73,-3.1,-61,-30,74,-17,-0.7,-54,44,3,-7,-0.3,-67,53,62,48,2.1,-71,146,22,97,4.2
"Puconci",-57,-5,-9,-71,...,-52,0,38,-14,...,-23,-3,38,12,1.9,-27,2,31,6,0.9,-43,-2,29,-16,-2.5,-24,-20,36,-8,-1.3,-38,-5,35,-8,-1.3,-60,2,20,-38,-6.0,-63,2,23,-38,-6.0,-36,0,12,-24,-3.8,-11,7,8,4,0.6,-41,-1,16,-26,-4.1,-13,-2,-5,-20,-3.2,-19,10,-77,-86,-14.0,-14,-8,6,-16,-2.6,-15,4,-14,-25,-4.1,-21,4,48,31,5.1,-20,-17,-1,-38,-6.2,-17,1,-15,-31,-5.1,-19,-9,-27,-55,-9.1,-35,-9,21,-23,-3.8,-29,-19,6,-42,-7.0,-21,-26,37,-10,-1.7,-14,-13,-31,-58,-9.8
"Rače - Fram",-24,3,15,-6,...,-1,5,39,43,...,-4,-1,65,60,10.3,0,7,17,24,4.1,-25,0,83,58,9.8,-19,7,45,33,5.5,-12,-11,73,50,8.3,-11,3,103,95,15.5,1,8,63,72,11.6,-8,-9,83,66,10.6,-18,10,66,58,9.2,-8,7,40,39,6.1,-10,6,90,86,13.4,25,-11,77,91,14.1,6,23,149,178,27.0,21,0,87,108,16.0,28,-5,66,89,12.9,29,-18,108,119,17.0,13,-17,12,8,1.1,55,-28,16,43,6.1,9,11,11,31,4.4,17,6,20,43,6.0,3,-14,108,97,13.6,13,43,73,129,17.7
"Radeče",-16,1,-2,-17,...,-12,5,7,0,...,12,-3,-4,5,1.1,-15,-7,-22,-44,-9.6,6,-3,-16,-13,-2.7,-7,3,-5,-9,-1.9,-15,-3,-18,-36,-7.6,-19,7,0,-12,-2.6,-21,0,-13,-34,-7.3,-14,-8,8,-14,-3.0,-3,3,-17,-17,-3.7,-20,3,-15,-32,-6.9,-6,-10,-14,-30,-6.5,-1,21,-34,-14,-3.1,-7,11,-65,-61,-13.5,16,-10,-42,-36,-8.1,-4,0,9,5,1.1,6,-15,-46,-55,-12.4,-11,2,-55,-64,-14.7,15,-16,-48,-49,-11.4,12,0,-15,-3,-0.7,-9,-5,-24,-38,-8.9,18,-9,-38,-29,-6.9,-28,15,-33,-46,-10.9
"Radenci",2,1,26,29,...,18,-1,13,30,...,-14,-2,3,-13,-2.4,0,-7,13,6,1.1,-10,-6,-14,-30,-5.6,2,-9,8,1,0.2,-2,-8,-4,-14,-2.6,-11,4,-37,-44,-8.2,4,-2,-9,-7,-1.3,1,-8,-2,-9,-1.7,3,-4,30,29,5.4,-15,-9,-21,-45,-8.4,-24,17,-19,-26,-4.9,-18,-1,40,21,4.0,-20,6,117,103,19.5,-14,-6,21,1,0.2,-40,7,-97,-130,-24.8,-7,-17,99,75,14.3,-39,-16,17,-38,-7.3,-28,-8,17,-19,-3.6,-50,-20,6,-64,-12.3,-18,-8,46,20,3.9,-25,-25,37,-13,-2.5,-65,-10,32,-43,-8.3
"Radlje ob Dravi",9,-2,19,26,...,2,-2,-15,-15,...,5,1,-14,-8,-1.3,7,-3,9,13,2.1,-5,-4,13,4,0.6,14,-4,5,15,2.4,-8,-5,26,13,2.1,-2,6,-20,-16,-2.5,4,4,-16,-8,-1.3,-12,14,11,13,2.1,10,20,-11,19,3.0,14,-5,-22,-13,-2.1,-6,10,-3,1,0.2,11,24,14,49,7.9,1,-7,49,43,6.9,7,-6,12,13,2.1,-5,12,75,82,13.0,-4,15,-48,-37,-5.9,-1,3,-48,-46,-7.3,-15,-8,17,-6,-1.0,-15,10,-36,-41,-6.6,-19,1,-12,-30,-4.8,-5,1,8,4,0.6,-39,38,-6,-7,-1.1
"Radovljica",-2,11,13,22,...,-25,1,-28,-52,...,-3,-9,-1,-13,-0.7,-42,12,46,16,0.9,-28,18,22,12,0.7,20,-6,66,80,4.4,1,4,-2,3,0.2,9,12,22,43,2.4,-10,8,15,13,0.7,38,2,29,69,3.8,-12,5,5,-2,-0.1,27,16,52,95,5.1,25,18,13,56,3.0,-3,57,-13,41,2.2,-22,50,104,132,7.1,28,6,7,41,2.2,17,27,32,76,4.0,16,-36,-21,-41,-2.2,-7,3,-12,-16,-0.8,1,-7,50,44,2.3,-60,-9,-8,-77,-4.1,-9,-35,46,2,0.1,-61,-6,127,60,3.2,-69,62,149,142,7.5
"Ravne na Koroškem",28,-16,-16,-4,...,44,-5,-44,-5,...,43,-7,4,40,2.1,30,-48,-66,-84,-4.4,35,0,-77,-42,-3.4,33,-2,-79,-48,-3.9,27,8,-63,-28,-2.3,38,-13,-82,-57,-4.6,16,4,-65,-45,-3.7,-3,7,-58,-54,-4.4,-2,44,-103,-61,-5.0,-23,31,-79,-71,-5.8,16,44,-93,-33,-2.7,33,55,-211,-123,-10.4,48,41,-178,-89,-7.6,28,-4,-119,-95,-8.1,17,-7,-128,-118,-10.2,29,4,-77,-44,-3.8,15,-25,-114,-124,-10.9,28,-39,16,5,0.4,27,-30,0,-3,-0.3,2,-6,-35,-39,-3.4,17,-28,-37,-48,-4.2,35,108,-101,42,3.7
"Razkrižje",-,-,-,-,...,-,-,-,-,...,-,-,-,-,-,-,-,-,-,-,-6,-3,-10,-19,-14.1,-1,5,0,4,3.0,2,1,-13,-10,-7.4,-5,4,-7,-8,-6.0,1,3,0,4,3.0,-9,7,17,15,11.1,2,13,-6,9,6.6,7,-3,-9,-5,-3.7,-6,-9,2,-13,-9.6,5,-3,10,12,8.8,-3,3,-4,-4,-3.0,7,-4,9,12,8.9,-2,2,-11,-11,-8.1,-2,-4,0,-6,-4.5,-8,-15,-16,-39,-29.2,-2,-10,3,-9,-7.0,5,-7,-7,-9,-6.9,2,-8,17,11,8.5,-2,3,-22,-21,-16.4,1,-4,0,-3,-2.4
"Rečica ob Savinji",-,-,-,-,...,-,-,-,-,...,-,-,-,-,-,-,-,-,-,-,-,-,-,-,-,-,-,-,-,-,-,-,-,-,-,-,-,-,-,-,-,-,-,-,-,-,-,-,-,-,-,-,-,-,-,-,-,-,-,-,7,-2,-22,-17,-7.3,7,36,-1,42,18.4,8,5,-6,7,3.0,16,-2,-34,-20,-8.7,3,3,-4,2,0.9,7,4,0,11,4.8,9,-6,30,33,14.1,2,-3,13,12,5.1,0,-8,-14,-22,-9.4,-3,2,-19,-20,-8.6,-11,-5,-24,-40,-17.5,-5,28,25,48,21.1
"Renče - Vogrsko",-,-,-,-,...,-,-,-,-,...,-,-,-,-,-,-,-,-,-,-,-,-,-,-,-,-,-,-,-,-,-,-,-,-,-,-,-,-,-,-,-,-,-,-,-,-,-,-,-,-,-,-,-,-,-,-,-,-,-,-,-4,-19,3,-20,-4.6,1,128,-67,62,14.9,-5,19,32,46,10.7,21,1,-10,12,2.8,7,-5,-22,-20,-4.7,-11,6,29,24,5.6,12,6,-2,16,3.7,2,0,-29,-27,-6.3,16,18,-7,27,6.2,3,7,32,42,9.7,4,1,-62,-57,-13.2,-22,35,34,47,10.8
"Ribnica",27,3,35,65,...,-20,-6,36,10,...,-1,3,10,12,1.1,23,-4,42,61,5.4,0,10,6,16,1.7,19,5,3,27,2.9,35,5,-9,31,3.4,-7,1,-19,-25,-2.7,-1,-5,-47,-53,-5.7,10,-5,-19,-14,-1.5,-13,23,13,23,2.5,21,6,-10,17,1.8,24,46,-33,37,4.0,35,62,79,176,19.1,-12,25,37,50,5.4,6,2,-27,-19,-2.0,1,23,-11,13,1.4,-1,-1,-26,-28,-3.0,4,11,21,36,3.9,6,21,-59,-32,-3.4,18,28,-18,28,3.0,5,36,3,44,4.7,27,19,-62,-16,-1.7,6,77,20,103,10.9
"Ribnica na Pohorju",-,-,-,-,...,-,-,-,-,...,-,-,-,-,-,-,-,-,-,-,-9,-1,-12,-22,-16.9,0,-4,7,3,2.3,-3,0,-6,-9,-6.9,2,-3,-5,-6,-4.6,-2,1,1,0,0.0,-3,1,-9,-11,-8.5,-3,-2,2,-3,-2.3,-3,-3,5,-1,-0.8,-2,1,-15,-16,-12.7,5,0,1,6,4.8,8,-2,-9,-3,-2.4,-3,0,-16,-19,-15.2,-5,-1,-20,-26,-21.3,-1,-1,-5,-7,-5.8,-2,-14,1,-15,-12.6,-3,1,-5,-7,-5.9,-4,1,8,5,4.2,3,1,-5,-1,-0.8,-3,-3,-25,-31,-26.2,-1,3,-22,-20,-17.6
"Rogaška Slatina",4,32,4,40,...,12,21,-26,7,...,22,22,19,63,5.9,40,-3,-34,3,0.3,15,16,-17,14,1.3,11,11,30,52,4.9,-7,12,-16,-11,-1.0,-23,35,-10,2,0.2,3,8,-7,4,0.4,19,7,11,37,3.4,10,54,6,70,6.5,32,91,6,129,11.8,23,81,-14,90,8.2,23,130,-8,145,13.2,27,78,-58,47,4.2,18,-58,-69,-109,-9.9,13,39,-54,-2,-0.2,11,28,7,46,4.2,14,17,-119,-88,-8.0,6,30,8,44,4.0,2,21,-89,-66,-6.0,8,48,-21,35,3.2,-3,-4,15,8,0.7,-10,135,-72,53,4.8
"Rogašovci",-18,1,-4,-21,...,-20,-2,-12,-34,...,-15,-1,-2,-18,-5.1,-18,0,-8,-26,-7.4,-14,-7,-6,-27,-7.8,-23,-3,-12,-38,-11.0,-8,-2,-4,-14,-4.1,-28,-3,6,-25,-7.3,-29,0,16,-13,-3.8,-17,4,-4,-17,-5.0,-25,-1,-20,-46,-13.7,-18,-3,1,-20,-6.0,-20,4,10,-6,-1.8,-17,-1,15,-3,-0.9,-1,-8,-32,-41,-12.7,-12,-1,0,-13,-4.0,-11,-6,20,3,0.9,-15,-16,-11,-42,-13.2,-9,-11,7,-13,-4.1,-14,-14,-5,-33,-10.5,-10,-12,0,-22,-7.1,-9,-23,-14,-46,-14.9,5,-7,21,19,6.2,-10,-2,-12,-24,-7.8
"Rogatec",-3,10,-7,0,...,7,4,-2,9,...,5,19,-2,22,6.9,7,12,20,39,12.2,-7,25,7,25,7.7,3,0,-12,-9,-2.8,8,-5,-20,-17,-5.2,-9,4,-20,-25,-7.6,-5,8,4,7,2.2,-2,7,-17,-12,-3.7,6,25,-14,17,5.3,-2,2,-10,-10,-3.1,4,10,-13,1,0.3,-3,32,-43,-14,-4.5,8,34,-20,22,7.0,11,-16,-18,-23,-7.3,15,17,-31,1,0.3,1,0,-15,-14,-4.4,8,1,-16,-7,-2.2,7,10,-35,-18,-5.8,4,16,-25,-5,-1.6,-5,14,-51,-42,-13.6,4,3,-13,-6,-2.0,19,54,-56,17,5.6
"Ruše",-6,8,46,48,...,-2,5,12,15,...,-27,3,-24,-48,-3.2,5,0,14,19,1.3,-12,-2,29,15,2.1,-39,-7,25,-21,-2.9,10,-1,14,23,3.2,-22,-7,22,-7,-1.0,-6,7,7,8,1.1,-16,7,46,37,5.0,-2,7,29,34,4.6,-12,-1,-10,-23,-3.1,-14,43,3,32,4.3,-4,21,-50,-33,-4.5,16,22,-101,-63,-8.6,0,-8,40,32,4.4,6,4,-73,-63,-8.6,-10,-5,-35,-50,-6.9,0,-2,-30,-32,-4.4,-1,-10,-19,-30,-4.2,-12,-16,17,-11,-1.5,-20,-17,-37,-74,-10.4,0,3,10,13,1.8,-22,7,-1,-16,-2.3
"Selnica ob Dravi",-,-,-,-,...,-,-,-,-,...,-,-,-,-,-,-,-,-,-,-,-15,2,-10,-23,-5.0,-1,-2,11,8,1.7,-11,-2,0,-13,-2.8,-5,0,1,-4,-0.9,-7,-1,-21,-29,-6.3,-1,0,-15,-16,-3.5,-16,11,11,6,1.3,-4,14,12,22,4.8,-18,6,-1,-13,-2.9,7,6,24,37,8.1,11,14,-54,-29,-6.4,-4,-9,1,-12,-2.7,15,13,-9,19,4.2,12,-7,-23,-18,-4.0,-10,-10,-53,-73,-16.3,7,-1,57,63,14.0,9,1,-8,2,0.4,-15,-1,-36,-52,-11.6,15,-1,-4,10,2.2,-6,1,19,14,3.1
"Semič",-3,3,16,16,...,3,0,3,6,...,11,-1,4,14,3.6,-4,3,6,5,1.3,4,-2,-24,-22,-5.7,3,1,-11,-7,-1.8,3,-18,-4,-19,-4.9,7,-8,5,4,1.0,8,2,-8,2,0.5,-5,0,1,-4,-1.0,-1,13,23,35,9.1,-1,6,16,21,5.4,1,12,14,27,6.9,18,11,-70,-41,-10.7,-1,10,-49,-40,-10.6,15,10,58,83,21.6,22,-2,-8,12,3.1,13,-2,-56,-45,-11.7,9,2,-38,-27,-7.1,18,4,-29,-7,-1.8,-2,0,-16,-18,-4.8,12,-1,7,18,4.7,0,-1,-35,-36,-9.5,24,27,8,59,15.7
"Sevnica",-15,18,-4,-1,...,-11,5,14,8,...,-22,1,-9,-30,-1.7,-24,19,6,1,0.1,-61,11,-4,-54,-3.1,-29,43,-25,-11,-0.6,-43,1,-5,-47,-2.7,-32,39,8,15,0.9,-25,61,-41,-5,-0.3,-30,5,-38,-63,-3.6,-39,65,-33,-7,-0.4,-30,53,-21,2,0.1,-68,80,19,31,1.8,-39,189,-146,4,0.2,-82,26,36,-20,-1.1,-50,-21,13,-58,-3.3,-57,4,22,-31,-1.8,-94,43,-53,-104,-5.9,-58,22,-13,-49,-2.8,-33,23,77,67,3.8,-67,53,42,28,1.6,-98,27,29,-42,-2.4,-54,-21,63,-12,-0.7,-87,179,-1,91,5.2
"Sežana",-30,7,1,-22,...,10,3,36,49,...,-28,3,-1,-26,-2.2,-51,-56,-2,-109,-9.2,-38,40,43,45,3.8,-43,33,47,37,3.1,-30,8,10,-12,-1.0,-50,73,32,55,4.6,-24,86,7,69,5.7,-47,-9,1,-55,-4.6,-24,67,-22,21,1.8,-4,153,34,183,15.1,-23,271,0,248,19.9,4,288,50,342,27.1,-35,171,131,267,20.8,-28,46,-12,6,0.5,17,95,82,194,15.0,-4,45,-89,-48,-3.7,-25,84,-10,49,3.8,-37,43,-4,2,0.2,-10,108,-26,72,5.5,-48,122,2,76,5.8,-38,63,13,38,2.9,-41,201,-11,149,11.2
"Slovenj Gradec",43,-1,-41,1,...,36,4,23,63,...,27,0,-49,-22,-1.3,47,7,27,81,4.8,41,19,-4,56,3.3,33,2,-11,24,1.4,11,-1,-9,1,0.1,15,2,11,28,1.6,0,9,1,10,0.6,27,12,-41,-2,-0.1,15,44,-2,57,3.3,20,15,-17,18,1.1,7,54,-2,59,3.5,44,40,-253,-169,-10.1,76,44,12,132,7.9,51,-11,-85,-45,-2.7,70,27,-43,54,3.2,57,33,-85,5,0.3,9,-10,-32,-33,-1.9,50,-19,-78,-47,-2.8,30,-26,-68,-64,-3.8,4,-12,-91,-99,-5.9,37,-13,-122,-98,-5.9,52,104,-86,70,4.2
"Slovenska Bistrica",-16,24,52,60,...,20,7,97,124,...,-29,14,162,147,4.4,-25,-4,134,105,3.1,-35,-1,154,118,4.0,-20,31,111,122,4.1,14,7,65,86,2.9,-23,37,162,176,5.9,-2,25,66,89,3.0,-27,10,157,140,4.6,-5,40,134,169,5.6,-30,74,84,128,4.2,2,129,207,338,13.9,41,140,152,333,13.7,98,66,99,263,10.7,100,0,74,174,7.0,80,62,101,243,9.7,99,-37,-60,2,0.1,53,-80,15,-12,-0.5,95,33,73,201,8.0,20,-16,36,40,1.6,80,19,-44,55,2.2,39,79,-58,60,2.4,2,127,-53,76,3.0
"Slovenske Konjice",15,-1,5,19,...,23,3,51,77,...,-8,1,-5,-12,-0.9,25,-26,31,30,2.2,4,5,-4,5,0.4,39,8,40,87,6.4,3,6,20,29,2.1,10,21,105,136,9.8,23,19,17,59,4.2,20,-6,1,15,1.1,27,39,-20,46,3.3,58,30,-8,80,5.7,15,225,21,261,18.3,36,172,16,224,15.6,57,49,-79,27,1.9,49,-29,-35,-15,-1.0,51,-3,-17,31,2.1,-5,60,-58,-3,-0.2,24,25,-32,17,1.2,30,47,65,142,9.8,18,58,-49,27,1.8,23,74,5,102,7.0,18,148,-47,119,8.1,18,138,-81,75,5.0
"Sodražica",-,-,-,-,...,-,-,-,-,...,-,-,-,-,-,-,-,-,-,-,-10,-2,33,21,9.8,-3,-2,7,2,0.9,3,-1,-1,1,0.5,1,-1,2,2,0.9,-21,1,2,-18,-8.3,3,-13,3,-7,-3.2,-3,8,23,28,13.0,-1,2,11,12,5.5,0,0,4,4,1.8,10,4,2,16,7.4,7,6,3,16,7.4,7,-4,-16,-13,-6.0,13,-5,3,11,5.1,18,-8,11,21,9.6,1,-8,1,-6,-2.8,19,-4,-6,9,4.1,6,0,-10,-4,-1.8,2,-14,9,-3,-1.4,11,-8,-16,-13,-6.0,11,-2,-3,6,2.7
"Solčava",-,-,-,-,...,-,-,-,-,...,-,-,-,-,-,-,-,-,-,-,1,0,-8,-7,-12.4,-7,-1,3,-5,-8.9,-5,-4,0,-9,-16.2,-6,-1,5,-2,-3.6,-3,-5,-2,-10,-18.1,1,0,0,1,1.9,-7,0,0,-7,-12.9,-1,2,5,6,10.9,-1,-1,-4,-6,-11.0,-1,0,-3,-4,-7.6,-1,0,-7,-8,-15.7,3,-4,2,1,1.9,0,2,-3,-1,-1.9,3,-1,0,2,3.9,5,-1,1,5,9.6,-7,-4,-8,-19,-36.7,5,-2,7,10,19.9,4,1,2,7,13.4,1,-2,-7,-8,-15.4,1,0,0,1,1.9
"Središče ob Dravi",-,-,-,-,...,-,-,-,-,...,-,-,-,-,-,-,-,-,-,-,-,-,-,-,-,-,-,-,-,-,-,-,-,-,-,-,-,-,-,-,-,-,-,-,-,-,-,-,-,-,-,-,-,-,-,-,-,-,-,-,-7,-28,-10,-45,-19.6,5,-59,-21,-75,-35.1,6,5,-46,-35,-16.3,9,-5,-18,-14,-6.6,-3,4,5,6,2.8,-4,2,-22,-24,-11.3,-3,-2,-46,-51,-24.5,-4,-14,-3,-21,-10.2,4,-7,6,3,1.5,3,-28,2,-23,-11.3,-5,-2,-33,-40,-20.0,-6,13,-27,-20,-10.2
"Starše",6,3,-1,8,...,-12,2,12,2,...,-22,0,1,-21,-5.4,2,-2,36,36,9.2,-17,-4,4,-17,-4.3,6,3,8,17,4.3,-2,4,30,32,8.1,-4,6,8,10,2.5,-8,0,27,19,4.8,10,-1,32,41,10.2,-13,0,47,34,8.4,-3,-1,-12,-16,-3.9,-2,1,0,-1,-0.2,19,10,-35,-6,-1.5,0,-2,44,42,10.2,12,6,33,51,12.3,3,-2,-14,-13,-3.1,-6,-7,-34,-47,-11.5,-1,-19,7,-13,-3.2,-6,-10,-1,-17,-4.2,-3,-9,14,2,0.5,-20,-11,-36,-67,-16.5,-8,1,-26,-33,-8.2,5,4,-7,2,0.5
"Straža",-,-,-,-,...,-,-,-,-,...,-,-,-,-,-,-,-,-,-,-,-,-,-,-,-,-,-,-,-,-,-,-,-,-,-,-,-,-,-,-,-,-,-,-,-,-,-,-,-,-,-,-,-,-,-,-,-,-,-,-,20,-2,-8,10,2.6,17,36,-13,40,10.6,24,8,-52,-20,-5.3,23,6,22,51,13.3,17,14,-18,13,3.4,13,9,8,30,7.8,15,-14,-51,-50,-12.9,15,-7,-43,-35,-9.1,16,2,-4,14,3.7,23,14,-21,16,4.2,14,34,-12,36,9.3,15,33,-9,39,10.0
"Sveta Ana",-,-,-,-,...,-,-,-,-,...,-,-,-,-,-,-,-,-,-,-,-4,1,7,4,1.7,2,1,2,5,2.1,-7,1,2,-4,-1.7,10,-3,16,23,9.7,-9,0,-4,-13,-5.5,-3,4,4,5,2.1,1,-2,2,1,0.4,3,-9,27,21,8.9,-10,-7,13,-4,-1.7,-7,-29,-13,-49,-20.6,-7,-5,63,51,21.7,1,3,-38,-34,-14.4,0,2,-4,-2,-0.9,8,-8,5,5,2.1,3,-6,-9,-12,-5.1,7,-4,-7,-4,-1.7,5,-4,-8,-7,-3.0,0,-6,-4,-10,-4.3,-10,-7,-6,-23,-10.0,-18,3,14,-1,-0.4
"Sveta Trojica v Slov. goricah",-,-,-,-,...,-,-,-,-,...,-,-,-,-,-,-,-,-,-,-,-,-,-,-,-,-,-,-,-,-,-,-,-,-,-,-,-,-,-,-,-,-,-,-,-,-,-,-,-,-,-,-,-,-,-,-,-,-,-,-,-3,1,0,-2,-0.9,-12,-29,0,-41,-18.5,0,4,6,10,4.5,-6,-2,-10,-18,-8.6,-4,-1,10,5,2.4,1,-9,-10,-18,-8.5,-6,-6,-1,-13,-6.3,-4,-5,-26,-35,-17.0,5,-5,1,1,0.5,4,-2,15,17,8.3,5,-9,-2,-6,-2.9,-10,3,21,14,6.8
"Sveti Andraž v Slov. goricah",-,-,-,-,...,-,-,-,-,...,-,-,-,-,-,-,-,-,-,-,-1,-1,-3,-5,-4.0,4,0,4,8,6.3,-4,1,15,12,9.4,-8,-2,13,3,2.3,-14,1,2,-11,-8.6,2,-4,-11,-13,-10.2,4,-1,-7,-4,-3.2,-5,-5,-7,-17,-13.6,-4,-1,4,-1,-0.8,8,-4,-7,-3,-2.5,-4,-1,-3,-8,-6.6,6,-9,15,12,9.8,2,-1,-37,-36,-30.1,-10,-14,-19,-43,-37.3,8,-10,27,25,21.7,1,4,-5,0,0.0,-1,-9,6,-4,-3.4,0,0,-17,-17,-14.7,10,-3,8,15,13.1,11,13,-3,21,17.9
"Sveti Jurij ob Ščavnici",-3,0,6,3,...,-7,0,-1,-8,...,-3,0,4,1,0.3,-4,0,-3,-7,-2.4,-8,-5,20,7,2.4,-8,-5,0,-13,-4.4,-11,-10,-2,-23,-7.9,-24,-5,2,-27,-9.3,-17,-1,20,2,0.7,4,-9,7,2,0.7,-5,1,7,3,1.0,15,8,-1,22,7.6,15,16,4,35,11.9,-1,-4,-18,-23,-7.9,0,5,-19,-14,-4.9,1,2,0,3,1.0,3,-3,-5,-5,-1.7,3,-1,-6,-4,-1.4,5,6,-41,-30,-10.4,10,6,14,30,10.4,-2,-9,-14,-25,-8.7,-3,-13,-20,-36,-12.6,8,-9,4,3,1.1,-3,-3,-17,-23,-8.2
"Sveti Jurij v Slov. goricah",-,-,-,-,...,-,-,-,-,...,-,-,-,-,-,-,-,-,-,-,-,-,-,-,-,-,-,-,-,-,-,-,-,-,-,-,-,-,-,-,-,-,-,-,-,-,-,-,-,-,-,-,-,-,-,-,-,-,-,-,-8,1,4,-3,-1.4,-9,-34,30,-13,-6.2,4,4,11,19,8.9,-4,-1,-39,-44,-20.9,-2,-2,13,9,4.3,10,0,8,18,8.6,-8,-6,-19,-33,-15.8,-3,0,11,8,3.9,9,-6,-10,-7,-3.4,10,-1,12,21,10.1,5,-1,-46,-42,-20.2,-4,-4,28,20,9.7
"Sveti Tomaž",-,-,-,-,...,-,-,-,-,...,-,-,-,-,-,-,-,-,-,-,-,-,-,-,-,-,-,-,-,-,-,-,-,-,-,-,-,-,-,-,-,-,-,-,-,-,-,-,-,-,-,-,-,-,-,-,-,-,-,-,0,2,1,3,1.4,6,-49,-33,-76,-36.1,7,2,-14,-5,-2.4,3,2,-10,-5,-2.4,-1,1,32,32,15.1,-4,0,1,-3,-1.4,-6,-8,-27,-41,-19.5,4,-2,-21,-19,-9.2,-2,-3,4,-1,-0.5,-5,-9,-30,-44,-21.7,-5,2,8,5,2.5,-2,-2,8,4,2.0
"Šalovci",-22,-1,3,-20,...,-25,-13,2,-36,...,-20,-1,14,-7,-3.0,-28,0,4,-24,-10.5,-24,-7,-11,-42,-22.2,-23,2,-10,-31,-16.7,-25,-2,4,-23,-12.6,-20,-4,15,-9,-5.0,-25,-1,0,-26,-14.5,-14,-1,0,-15,-8.5,-31,0,-12,-43,-24.6,-28,4,-13,-37,-21.7,-18,-14,-3,-35,-21.0,-22,3,-9,-28,-17.2,-20,-2,-3,-25,-15.6,-14,-4,-5,-23,-14.5,-21,-6,-4,-31,-19.9,-6,-6,-3,-15,-9.8,-20,-4,-3,-27,-17.8,-3,-6,-26,-35,-23.5,-1,-14,-6,-21,-14.5,-10,-1,3,-8,-5.6,-15,-7,3,-19,-13.4,-2,-10,-6,-18,-12.9
"Šempeter - Vrtojba",-,-,-,-,...,-,-,-,-,...,-,-,-,-,-,-,-,-,-,-,-18,7,-2,-13,-2.1,-16,9,-43,-50,-7.9,-20,38,-4,14,2.2,7,23,19,49,7.7,3,21,3,27,4.2,1,26,27,54,8.4,-5,15,-28,-18,-2.8,2,33,-50,-15,-2.3,17,79,-82,14,2.2,10,67,-61,16,2.5,25,67,-50,42,6.6,5,-11,-49,-55,-8.6,26,33,-62,-3,-0.5,4,25,-22,7,1.1,6,18,-73,-49,-7.7,24,15,-61,-22,-3.5,33,-2,-33,-2,-0.3,26,-13,-53,-40,-6.4,13,0,-89,-76,-12.3,9,77,-18,68,11.0
"Šenčur",11,-3,28,36,...,64,1,74,139,...,51,0,33,84,10.5,27,-2,66,91,11.2,40,5,38,83,10.1,61,-5,53,109,13.1,33,-3,74,104,12.3,41,10,52,103,12.1,12,14,45,71,9.4,41,7,44,92,11.9,38,21,59,118,15.1,55,10,19,84,10.6,33,55,75,163,20.3,41,98,65,204,24.9,52,103,19,174,20.8,61,9,21,91,10.7,36,-5,-51,-20,-2.4,48,24,-79,-7,-0.8,53,12,-63,2,0.2,39,23,20,82,9.6,35,20,-27,28,3.3,33,20,-75,-22,-2.6,42,1,-7,36,4.2,21,48,-8,61,7.1
"Šentilj",-16,2,12,-2,...,1,2,38,41,...,-35,-2,26,-11,-1.3,-10,2,-1,-9,-1.1,-24,3,26,5,0.6,-18,-2,-2,-22,-2.7,2,-3,30,29,3.5,8,9,28,45,5.5,-16,-10,49,23,2.8,-5,30,65,90,10.8,-2,27,27,52,6.2,11,3,95,109,12.9,3,7,-1,9,1.1,10,-17,-8,-15,-1.8,-9,15,-39,-33,-3.9,-1,9,-10,-2,-0.2,-6,-19,41,16,1.9,10,-12,49,47,5.6,-24,-37,33,-28,-3.3,17,-3,-60,-46,-5.5,-6,-13,-32,-51,-6.1,3,-22,50,31,3.7,-9,14,142,147,17.6,-19,13,-77,-83,-9.8
"Šentjernej",19,6,17,42,...,7,-2,13,18,...,17,-1,-8,8,1.2,-6,3,22,19,2.9,11,0,18,29,4.4,-1,4,-2,1,0.2,5,3,21,29,4.4,5,-1,38,42,6.3,7,-3,15,19,2.9,7,6,20,33,4.9,-5,6,6,7,1.0,9,3,2,14,2.1,-2,14,-9,3,0.4,37,8,-22,23,3.5,22,5,-24,3,0.4,39,2,14,55,8.1,48,-4,58,102,14.9,31,10,-14,27,3.9,53,-1,-12,40,5.8,40,3,2,45,6.5,37,-11,-20,6,0.9,37,11,53,101,14.4,46,-28,-50,-32,-4.5,37,31,-6,62,8.7
"Šentjur",-18,5,20,7,...,10,5,42,57,...,-33,-5,57,19,1.0,-24,-14,96,58,3.0,10,0,113,123,6.7,-8,15,25,32,1.7,-15,3,68,56,3.0,-32,26,11,5,0.3,-28,34,-14,-8,-0.4,2,11,2,15,0.8,-12,39,39,66,3.6,-6,30,102,126,6.7,36,6,116,158,8.4,38,52,-93,-3,-0.2,29,22,-3,48,2.6,69,10,-61,18,1.0,24,-5,-12,7,0.4,14,6,8,28,1.5,11,6,-42,-25,-1.3,49,0,34,83,4.4,36,-8,-42,-14,-0.7,15,-42,38,11,0.6,32,-9,-46,-23,-1.2,29,72,9,110,5.8
"Šentrupert",-,-,-,-,...,-,-,-,-,...,-,-,-,-,-,-,-,-,-,-,-,-,-,-,-,-,-,-,-,-,-,-,-,-,-,-,-,-,-,-,-,-,-,-,-,-,-,-,-,-,-,-,-,-,-,-,-,-,-,-,7,-8,-6,-7,-2.9,-3,10,404,411,170.8,11,4,53,68,24.0,-1,1,3,3,1.1,7,-11,11,7,2.5,-12,7,20,15,5.3,-11,-2,58,45,15.7,-13,2,21,10,3.4,3,4,16,23,7.9,11,-5,-77,-71,-24.3,9,13,31,53,18.3,-4,15,28,39,13.4
"Škocjan",10,2,2,14,...,-2,1,16,15,...,-3,0,4,1,0.3,-11,2,-17,-26,-8.7,-13,1,10,-2,-0.7,-1,-3,16,12,4.0,-6,-1,6,-1,-0.3,-12,-1,8,-5,-1.6,0,-5,50,45,14.6,-8,-1,25,16,5.1,11,12,31,54,17.1,14,-6,6,14,4.4,10,17,-6,21,6.6,12,11,-8,15,4.7,33,14,56,103,32.0,10,-8,-65,-63,-19.4,8,7,-38,-23,-7.2,15,-14,30,31,9.7,6,2,-11,-3,-0.9,15,-4,-7,4,1.2,13,-1,0,12,3.7,21,-5,16,32,9.9,-8,1,1,-6,-1.8,6,27,-3,30,9.1
"Škofja Loka",81,15,73,169,...,54,5,68,127,...,90,-3,72,159,7.2,70,-37,27,60,2.7,53,41,-20,74,3.4,110,44,-60,94,4.2,66,32,-130,-32,-1.4,101,27,-53,75,3.4,32,38,-14,56,2.5,108,-13,-49,46,2.1,120,26,-36,110,4.9,110,20,-99,31,1.4,96,135,-96,135,6.0,82,182,-29,235,10.4,90,42,-66,66,2.9,101,37,-114,24,1.1,119,53,-19,153,6.7,111,24,-93,42,1.8,94,3,-57,40,1.7,59,-14,-67,-22,-1.0,69,40,-95,14,0.6,69,-25,-34,10,0.4,43,2,-61,-16,-0.7,82,110,-36,156,6.8
"Škofljica",22,0,115,137,...,17,1,127,145,...,38,4,177,219,37.3,34,-10,154,178,29.0,38,2,166,206,32.7,54,-2,259,311,47.1,31,14,151,196,28.5,51,14,210,275,38.6,31,5,140,176,23.9,57,0,91,148,19.7,25,-4,119,140,18.2,39,15,118,172,22.0,63,37,131,231,28.8,64,83,164,311,37.3,66,94,131,291,33.9,66,14,393,473,52.6,77,10,177,264,28.4,99,-5,252,346,36.2,73,14,159,246,25.0,101,-34,218,285,28.1,65,-2,280,343,32.9,53,-6,248,295,27.3,-1,22,149,170,15.5,21,22,41,84,7.6
"Šmarje pri Jelšah",-30,4,20,-6,...,13,2,-8,7,...,-43,-1,-6,-50,-5.2,-17,13,34,30,3.2,-15,-1,17,1,0.1,-15,-4,4,-15,-1.6,-27,3,56,32,3.4,-6,7,56,57,6.0,-6,-1,47,40,4.2,-7,4,25,22,2.3,9,7,25,41,4.2,-7,16,22,31,3.2,21,14,67,102,10.4,-13,31,24,42,4.2,-7,31,40,64,6.4,-1,-22,129,106,10.5,14,5,67,86,8.4,10,11,20,41,4.0,-33,6,-37,-64,-6.2,2,-19,-10,-27,-2.6,-23,1,95,73,7.1,-12,-20,26,-6,-0.6,-43,20,1,-22,-2.1,-29,2,54,27,2.6
"Šmarješke Toplice",-,-,-,-,...,-,-,-,-,...,-,-,-,-,-,-,-,-,-,-,-,-,-,-,-,-,-,-,-,-,-,-,-,-,-,-,-,-,-,-,-,-,-,-,-,-,-,-,-,-,-,-,-,-,-,-,-,-,-,-,3,18,3,24,7.8,12,43,22,77,24.8,-8,-1,78,69,21.8,-10,0,-11,-21,-6.6,6,1,-8,-1,-0.3,9,-1,55,63,19.7,-7,2,25,20,6.2,-2,1,24,23,7.0,-6,-11,43,26,7.9,-11,0,13,2,0.6,-15,5,24,14,4.3,-11,20,58,67,20.1
"Šmartno ob Paki",2,4,17,23,...,-11,0,26,15,...,-9,0,5,-4,-1.4,7,3,22,32,11.3,0,5,22,27,9.4,-6,-10,31,15,5.2,2,1,25,28,9.6,0,6,12,18,6.1,0,1,16,29,9.9,-6,3,38,35,11.8,5,8,31,44,14.6,3,11,45,59,19.3,12,5,38,55,17.8,6,21,-32,-5,-1.6,-1,13,30,42,13.5,1,-6,2,-3,-0.9,6,7,26,39,12.3,5,1,12,18,5.6,10,-8,4,6,1.9,22,0,-17,5,1.5,5,-3,11,13,4.0,-3,-6,-28,-37,-11.5,18,-13,16,21,6.5,10,4,23,37,11.4
"Šmartno pri Litiji",-,-,-,-,...,-,-,-,-,...,-,-,-,-,-,-,-,-,-,-,-,-,-,-,-,-,-,-,-,-,-,-,-,-,-,-,-,-,-,-,5,-3,32,22,4.3,9,-8,12,13,2.5,-17,-1,16,-2,-0.4,2,-3,36,35,6.7,14,19,8,41,7.8,-14,20,19,25,4.6,15,-1,-25,-11,-2.0,14,-4,52,62,11.5,-22,1,45,24,4.4,1,-2,51,50,9.0,-22,5,-28,-45,-8.1,2,-12,31,21,3.8,-8,-7,33,18,3.3,-18,-2,52,32,5.8,1,4,15,20,3.6,-9,8,39,38,6.8
"Šoštanj",10,12,-40,-18,...,15,-2,-32,-19,...,-22,2,46,26,3.2,-13,21,-41,-33,-4.1,20,4,43,67,8.2,-2,2,29,29,3.5,37,6,6,49,5.9,-5,19,29,43,5.1,-2,18,0,16,1.9,5,10,-16,-1,-0.1,-2,86,-45,39,4.6,26,57,-2,81,9.5,-2,87,-3,82,9.5,27,142,-54,115,13.7,28,90,23,141,16.6,2,-32,111,81,9.3,1,7,91,99,11.3,2,36,-75,-37,-4.2,-11,106,-45,50,5.7,-7,-59,-31,-97,-11.1,0,-2,-4,-6,-0.7,-25,-1,-38,-64,-7.4,-6,17,15,26,3.0,-38,64,12,38,4.4
"Štore",2,7,-12,-3,...,5,3,-8,0,...,7,0,2,9,2.2,-16,-31,15,-32,-7.7,3,2,-3,2,0.5,-10,35,0,25,6.1,-11,5,14,8,1.9,3,11,-14,0,0.0,-18,8,26,16,3.9,-20,-16,-5,-41,-9.9,6,9,0,15,3.6,1,28,5,34,8.1,13,55,-14,54,12.7,5,73,82,160,38.4,-18,31,34,47,11.0,-24,-3,5,-22,-5.1,-25,4,57,36,8.4,-49,-1,45,-5,-1.2,-39,-21,17,-43,-10.0,-39,10,38,9,2.1,-49,-10,39,-20,-4.7,-38,-6,50,6,1.4,-51,-9,75,15,3.5,-48,32,371,355,81.9
"Tabor",-,-,-,-,...,-,-,-,-,...,-,-,-,-,-,-,-,-,-,-,6,-1,-5,0,0.0,-2,-1,7,4,2.7,-6,9,9,12,8.0,-3,17,0,14,9.2,-6,10,0,4,2.6,-5,-14,1,-18,-11.9,-6,8,0,2,1.3,0,2,8,10,6.7,-10,3,16,9,6.0,0,3,23,26,17.1,1,3,2,6,4.0,11,-2,64,73,47.3,8,-2,19,25,15.6,10,1,-22,-11,-6.8,15,-3,5,17,10.4,14,-3,21,32,19.7,11,-3,-18,-10,-6.1,11,-3,-6,2,1.2,0,-9,30,21,12.7,-7,1,-17,-23,-13.9
"Tišina",-26,-1,23,-4,...,-30,1,6,-23,...,-7,-4,-17,-28,-4.4,-25,2,38,15,2.4,-9,-2,3,-8,-1.9,-6,-1,27,20,4.7,-7,-2,3,-6,-1.4,-24,-1,24,-1,-0.2,-11,-6,7,-10,-2.3,-14,1,-1,-14,-3.3,-6,3,31,28,6.5,-2,-1,0,-3,-0.7,-8,-9,-13,-30,-7.0,-14,1,-51,-64,-15.3,7,0,-22,-15,-3.6,1,-1,-23,-23,-5.5,-3,5,5,7,1.7,4,-16,-4,-16,-3.9,-3,-6,-8,-17,-4.1,-1,-8,-14,-23,-5.6,-16,-2,-26,-44,-10.8,-14,-8,-6,-28,-7.0,-3,-14,-21,-38,-9.5,-7,-5,-10,-22,-5.6
"Tolmin",-64,13,-33,-84,...,-7,6,17,16,...,-45,-1,2,-44,-3.5,-75,8,-12,-79,-6.4,-44,3,-19,-60,-4.9,-22,29,-40,-33,-2.7,-39,-27,-5,-71,-5.7,-67,14,-36,-89,-7.3,-41,34,-19,-26,-2.1,-43,23,-25,-45,-3.7,-63,32,-29,-60,-5.0,-37,53,-71,-55,-4.6,-18,79,-47,14,1.2,-55,110,-162,-107,-9.1,-25,57,-95,-63,-5.4,-53,-12,-17,-82,-7.0,-44,29,-7,-22,-1.9,-26,25,-46,-47,-4.0,-57,3,-61,-115,-9.9,-51,-22,-4,-77,-6.7,-54,6,-53,-101,-8.9,-84,9,4,-71,-6.3,-55,-7,-3,-65,-5.8,-54,57,-75,-72,-6.5
"Trbovlje",-65,3,-29,-91,...,-83,10,-24,-97,...,-75,2,7,-66,-3.5,-90,23,48,-19,-1.0,-56,27,-13,-42,-2.3,-93,22,-5,-76,-4.1,-101,59,-21,-63,-3.4,-89,4,-55,-140,-7.6,-92,19,-104,-177,-9.7,-73,4,-55,-124,-6.9,-117,30,-60,-147,-8.2,-55,9,-71,-117,-6.5,-28,63,-86,-51,-2.9,-43,116,-98,-25,-1.4,-28,53,-176,-151,-8.6,-56,-15,-221,-292,-16.8,-58,-17,-105,-180,-10.5,-50,20,-105,-135,-8.0,-77,-65,-114,-256,-15.2,-62,-38,-37,-137,-8.3,-61,24,-116,-153,-9.3,-73,-43,0,-116,-7.1,-63,-18,-90,-171,-10.6,-63,54,-22,-31,-1.9
"Trebnje",0,0,46,46,...,4,3,28,35,...,27,-3,30,54,3.0,26,-18,92,100,5.5,-2,-8,80,70,3.8,28,10,63,101,5.5,0,28,83,111,6.0,16,13,56,85,4.6,-13,44,67,98,5.2,25,44,-3,66,3.5,22,61,68,151,8.0,45,71,71,187,9.8,19,156,67,242,17.4,59,308,16,383,27.0,56,178,174,408,27.9,43,-35,-18,-10,-0.7,40,4,-49,-5,-0.3,60,-17,35,78,6.4,34,20,-64,-10,-0.8,65,27,27,119,9.9,14,11,145,170,13.9,38,64,69,171,13.7,-4,92,47,135,10.7,32,143,68,243,18.9
"Trnovska vas",-,-,-,-,...,-,-,-,-,...,-,-,-,-,-,-,-,-,-,-,-16,0,17,1,0.8,-8,0,13,5,3.9,-9,-1,-15,-25,-19.7,8,0,10,18,14.2,-5,0,-4,-9,-7.1,-3,-1,12,8,6.3,-11,0,9,-2,-1.6,7,-4,16,19,14.8,6,5,7,18,13.8,-2,3,11,12,9.1,-2,0,15,13,9.9,6,-1,14,19,14.1,0,-3,9,6,4.5,5,-7,-2,-4,-2.9,1,-1,0,0,0.0,0,-16,-16,-32,-24.2,0,-1,26,25,18.8,4,0,26,30,22.2,5,-1,-9,-5,-3.6,1,1,-8,-6,-4.4
"Trzin",-,-,-,-,...,-,-,-,-,...,-,-,-,-,-,-,-,-,-,-,12,1,32,45,15.0,16,8,125,149,48.3,31,2,78,111,33.9,24,6,109,139,41.6,20,4,60,84,24.1,34,3,33,70,19.6,34,4,19,57,15.7,19,-9,-10,0,0.0,27,4,-17,14,3.8,33,35,-27,41,11.2,33,23,42,98,26.3,21,1,46,68,17.9,8,-18,-7,-17,-4.4,27,-5,18,40,10.4,11,13,-47,-23,-5.9,29,-1,-19,9,2.3,13,-5,22,30,7.8,6,7,-20,-7,-1.8,9,-3,-17,-11,-2.8,5,32,14,51,13.1
"Tržič",22,11,10,43,...,46,7,16,69,...,11,6,26,43,2.9,4,-4,31,31,2.1,8,0,72,80,5.3,4,-7,20,17,1.1,21,6,-11,16,1.0,-1,0,9,8,0.5,30,-11,-38,-19,-1.2,-10,-13,-23,-46,-3.0,11,11,-48,-26,-1.7,10,19,8,37,2.4,26,-3,23,46,3.0,38,63,-55,46,3.0,34,30,-136,-72,-4.7,9,0,-106,-97,-6.3,16,-26,-6,-16,-1.1,32,-31,-96,-95,-6.3,-5,-45,-15,-65,-4.3,7,-39,-11,-43,-2.9,-5,-20,-100,-125,-8.4,-1,-49,48,-2,-0.1,-28,-15,-62,-105,-7.1,36,71,7,114,7.7
"Turnišče",4,1,9,14,...,6,0,10,16,...,-10,-1,-20,-31,-8.5,-14,-1,-16,-31,-8.6,-13,1,-7,-19,-5.3,-18,-1,11,-8,-2.2,-8,0,-17,-25,-7.0,-4,-1,2,-3,-0.8,-3,1,-16,-18,-5.1,-21,3,-6,-24,-6.8,-13,2,-14,-25,-7.2,-10,3,20,13,3.7,-17,6,1,-10,-2.9,-6,7,-39,-38,-11.2,9,-8,-29,-28,-8.3,-1,-3,9,5,1.5,-3,1,-4,-6,-1.8,10,-48,5,-33,-9.9,13,-9,-20,-16,-4.8,13,-1,-47,-35,-10.6,1,-4,-20,-23,-7.0,1,-10,-5,-14,-4.3,-13,-11,-18,-42,-13.1,1,-2,-12,-13,-4.1
"Velenje",148,28,-55,121,...,128,2,-114,16,...,112,0,-193,-81,-2.4,111,-130,-199,-218,-6.4,92,134,-243,-17,-0.5,74,144,-270,-52,-1.5,126,16,-229,-87,-2.6,118,13,-297,-166,-4.9,87,99,-178,8,0.2,116,7,-265,-142,-4.2,96,195,-227,64,1.9,111,274,-287,98,2.9,105,637,-278,464,13.6,83,546,-567,62,1.9,146,304,-746,-296,-8.9,108,-76,-395,-363,-11.0,142,16,-120,38,1.2,142,88,-185,45,1.4,121,130,-194,57,1.7,103,-64,-254,-215,-6.5,54,-21,-31,2,0.1,43,4,-77,-30,-0.9,77,-3,-7,67,2.0,120,485,-114,491,14.9
"Velika Polana",-,-,-,-,...,-,-,-,-,...,-,-,-,-,-,-,-,-,-,-,-15,0,-6,-21,-13.3,-11,-1,8,-4,-2.5,-5,-2,3,-4,-2.5,-11,0,10,-1,-0.6,-12,-4,2,-14,-9.0,3,2,-4,1,0.6,-19,-2,1,-20,-12.9,2,1,-9,-6,-3.9,-1,-3,-4,-8,-5.2,-7,-1,-15,-23,-15.4,-13,-1,-19,-33,-22.3,-21,2,51,32,21.9,-29,-1,28,-2,-1.3,-17,-13,10,-20,-13.5,-22,-16,24,-14,-9.6,-17,-3,3,-17,-11.9,-9,-2,21,10,6.9,-11,-1,6,-6,-4.1,-29,6,19,-4,-2.8,-17,-9,4,-22,-15.4
"Velike Lašče",8,-7,30,31,...,-15,1,16,2,...,-10,1,78,69,20.0,-6,-1,72,65,18.5,-1,-2,58,55,15.3,2,-8,37,31,8.5,3,3,56,62,16.9,-2,2,66,66,17.5,4,20,63,87,22.8,4,-4,42,42,10.7,12,17,52,81,20.4,5,21,47,73,18.0,15,3,19,37,9.1,24,36,-7,53,13.1,4,5,3,12,2.9,13,0,-12,1,0.2,26,-1,20,45,10.7,20,-7,26,39,9.2,14,1,-48,-33,-7.8,1,-4,-14,-17,-4.1,32,6,38,76,18.0,26,0,14,40,9.3,19,-4,-14,1,0.2,17,11,20,48,11.1
"Veržej",-,-,-,-,...,-,-,-,-,...,-,-,-,-,-,-,-,-,-,-,5,-3,21,23,16.4,2,-3,-20,-21,-14.7,-7,-1,-14,-22,-15.9,-4,0,-7,-11,-7.9,1,-3,-11,-13,-9.6,-9,-2,12,1,0.7,-5,-3,5,-3,-2.2,-9,0,2,-7,-5.2,-13,-4,5,-12,-9.0,-8,0,18,10,7.6,-6,4,3,1,0.8,2,-3,-28,-29,-22.3,-1,4,-6,-3,-2.3,-2,0,17,15,11.7,4,-5,-2,-3,-2.3,5,-3,-2,0,0.0,4,-7,6,3,2.3,3,-2,15,16,12.4,-3,0,-19,-22,-17.0,-10,0,5,-5,-3.9
"Videm",-32,3,10,-19,...,-27,3,39,15,...,-33,1,11,-21,-2.8,-17,1,29,13,1.7,-31,0,23,-8,-1.4,-23,2,20,-1,-0.2,-7,-5,22,10,1.8,0,-3,2,-1,-0.2,-27,-5,38,6,1.1,-26,6,6,-14,-2.5,-12,10,14,12,2.2,-17,8,-11,-20,-3.6,-5,14,49,58,10.4,5,28,50,83,15.1,12,-13,32,31,5.5,6,1,8,15,2.7,3,5,9,17,3.0,3,-19,-14,-30,-5.3,-9,-23,-12,-44,-7.9,6,-23,-68,-85,-15.5,15,-9,-5,1,0.2,-6,4,42,40,7.2,7,17,-11,13,2.4,-8,13,27,32,5.7
"Vipava",-6,2,-4,-8,...,-6,1,21,16,...,13,2,14,29,5.6,1,6,-9,-2,-0.4,14,9,10,33,6.3,-2,-5,-30,-37,-7.1,18,-1,4,21,4.0,-3,7,6,10,1.9,-12,18,-4,2,0.4,13,1,20,34,6.5,-4,4,23,23,4.3,-2,13,22,33,6.2,22,22,26,70,13.0,19,24,63,106,19.7,8,48,-96,-40,-7.5,39,-12,56,83,15.5,12,18,172,202,36.6,-12,-9,-29,-50,-9.0,16,3,17,36,6.5,-28,-4,45,13,2.3,-5,-21,25,-1,-0.2,1,30,-19,12,2.1,-32,2,-5,-35,-6.2,-13,26,7,20,3.6
"Vitanje",-2,0,1,-1,...,-2,0,-19,-21,...,3,0,-10,-7,-2.9,12,0,-10,2,0.8,0,0,-21,-21,-8.6,-4,-1,-28,-33,-13.8,-10,1,-11,-20,-8.5,-6,-6,3,-9,-3.8,13,0,-15,-2,-0.9,2,3,-6,-1,-0.4,-3,1,-11,-13,-5.6,2,6,1,9,3.8,-2,22,-18,2,0.8,12,20,-34,-2,-0.9,2,4,-5,1,0.4,9,3,-9,3,1.3,20,6,-20,6,2.6,-1,-1,-26,-28,-12.3,8,2,-42,-32,-14.1,11,15,-7,19,8.5,5,13,-2,16,7.1,8,17,-20,5,2.2,-4,13,-26,-17,-7.5,-3,42,-26,13,5.7
"Vodice",21,3,31,55,...,4,0,-1,3,...,22,0,26,48,13.0,8,4,44,56,15.0,5,-3,28,30,7.9,6,-4,40,42,11.0,9,3,14,26,6.7,17,11,49,77,19.6,12,4,22,38,9.6,8,-4,38,42,10.5,25,-1,73,97,23.8,14,-2,78,90,21.6,19,5,65,89,20.9,25,17,79,121,27.6,39,30,58,127,28.3,19,-8,53,64,14.0,41,-1,60,100,21.4,29,2,35,66,13.9,19,8,16,43,9.0,8,-1,-48,-41,-8.6,19,20,-12,27,5.6,13,4,11,28,5.8,17,-1,11,27,5.6,21,31,46,98,20.0
"Vojnik",17,-1,-20,-4,...,17,-6,14,25,...,-3,-6,43,34,3.5,-1,2,29,30,3.1,-18,3,24,9,1.2,26,11,58,95,12.2,-18,3,48,33,4.2,2,4,78,84,10.6,-34,23,34,23,2.9,-5,-1,43,37,4.6,13,-2,54,65,8.0,-9,16,36,43,5.3,3,21,120,144,17.5,-11,17,31,37,4.4,-27,22,79,74,8.8,-16,-9,69,44,5.2,-42,1,44,3,0.4,-9,-1,81,71,8.3,-28,4,52,28,3.3,11,32,89,132,15.3,-23,-9,49,17,2.0,-31,-1,72,40,4.6,-41,3,44,6,0.7,-36,31,71,66,7.5
"Vransko",-,-,-,-,...,-,-,-,-,...,-,-,-,-,-,-,-,-,-,-,13,-1,24,36,14.5,11,5,-11,5,2.0,-2,18,19,35,13.7,-7,41,25,59,22.6,-2,31,-3,26,9.9,2,-47,4,-41,-15.8,-5,-6,0,-11,-4.3,1,9,8,18,7.1,-15,19,-1,3,1.2,0,-2,15,13,5.1,2,22,36,60,23.0,11,-6,-36,-31,-12.0,-4,4,23,23,8.8,-7,-10,50,33,12.4,-13,-5,-37,-55,-21.0,-4,-2,12,6,2.3,-16,-6,20,-2,-0.8,-6,-2,13,5,1.9,-7,-4,9,-2,-0.8,-15,13,16,14,5.4
"Vrhnika",41,5,136,182,...,65,-13,125,177,...,56,-4,107,159,9.7,26,-9,119,136,8.2,63,13,128,204,12.1,53,23,160,236,13.9,54,18,224,296,17.0,49,-9,80,120,6.8,48,40,64,152,8.6,63,-5,100,158,8.8,99,21,65,185,10.2,86,-13,82,155,8.5,108,112,45,265,17.5,74,214,309,597,38.3,71,125,180,376,23.5,54,-13,130,171,10.6,68,-11,67,124,7.6,68,21,34,123,7.5,65,14,-56,23,1.4,71,16,64,151,9.1,52,-6,89,135,8.1,22,42,-5,59,3.5,35,18,11,64,3.8,13,119,162,294,17.2
"Vuzenica",-5,0,18,13,...,-2,-1,-15,-18,...,3,1,-31,-27,-9.4,6,0,7,13,4.6,7,4,-20,-9,-3.1,-1,-1,-1,-3,-1.0,8,1,-9,0,0.0,-2,-1,1,-2,-0.7,-3,0,-10,-13,-4.6,0,2,-4,-2,-0.7,-14,-4,-18,-36,-12.7,-17,-2,6,-13,-4.6,-4,14,-21,-11,-3.9,0,18,-2,16,5.8,7,-10,-3,-6,-2.2,-4,-1,-30,-35,-12.8,7,-2,-17,-12,-4.4,12,6,1,19,7.0,15,-12,-21,-18,-6.6,15,-7,-7,1,0.4,5,1,-27,-21,-7.7,8,-5,-20,-17,-6.4,22,-3,-4,15,5.6,1,-5,-22,-26,-9.7
"Zagorje ob Savi",9,23,19,51,...,-20,4,48,32,...,13,-1,52,64,3.7,13,2,-11,4,0.2,-3,-7,11,1,0.1,-35,-9,22,-22,-1.3,-12,22,-14,-4,-0.2,-9,19,-20,-10,-0.6,-13,13,-20,-20,-1.2,-35,-44,-29,-108,-6.3,-35,11,6,-18,-1.1,-19,13,32,26,1.5,31,-4,2,29,1.7,38,77,-22,93,5.4,42,27,-104,-35,-2.0,20,-2,-56,-38,-2.2,19,-5,-52,-38,-2.2,0,-6,-108,-114,-6.7,15,-4,-138,-127,-7.5,3,-9,-47,-53,-3.2,-14,-32,-20,-66,-4.0,18,-24,-69,-75,-4.5,5,-54,-25,-74,-4.5,-7,17,-78,-68,-4.1
"Zavrč",-8,13,-1,4,...,5,3,-6,2,...,-4,2,0,-2,-1.4,-6,0,10,4,2.8,-9,2,-5,-12,-8.3,5,4,3,12,8.3,2,5,0,7,4.8,-9,7,6,4,2.7,-6,-5,-5,-16,-10.9,-5,8,21,24,16.4,8,0,12,20,13.4,-5,15,0,10,6.6,0,14,12,26,16.9,6,17,-15,8,5.2,-8,69,58,119,77.8,0,13,4,17,10.6,4,36,3,43,26.3,0,90,-10,80,46.7,0,63,-36,27,15.0,5,-17,-32,-44,-25.1,-7,27,-24,-4,-2.3,-8,87,19,98,55.1,-3,-14,-33,-50,-27.7,1,-73,-171,-243,-151.5
"Zreče",34,1,7,42,...,15,0,-23,-8,...,15,0,0,15,2.4,18,8,-26,0,0.0,30,-6,-1,23,3.6,20,-5,-20,-5,-0.8,25,-8,16,33,5.2,9,14,-26,-3,-0.5,10,8,-17,1,0.2,-5,-5,12,2,0.3,21,13,17,51,8.0,24,28,-7,45,7.0,4,93,-5,92,14.1,26,73,-6,93,14.3,33,15,-93,-45,-6.9,27,-16,-51,-40,-6.2,26,19,-74,-29,-4.5,11,5,-35,-19,-3.0,27,-2,-56,-31,-4.8,37,17,-30,24,3.8,21,25,-30,16,2.5,28,15,-28,15,2.3,24,52,-84,-8,-1.3,11,86,-56,41,6.4
"Žalec",11,19,123,153,...,-29,-5,62,28,...,-48,-11,129,70,1.8,-69,-55,148,24,0.6,-2,1,42,41,2.0,-10,3,51,44,2.1,-17,43,-10,16,0.8,-22,73,96,147,7.1,-32,93,34,95,4.6,15,31,50,96,4.6,29,124,47,200,9.5,-14,80,-20,46,2.2,50,232,9,291,13.7,94,193,-6,281,13.3,57,118,80,255,12.0,76,59,-146,-11,-0.5,64,40,-46,58,2.7,42,-29,-129,-116,-5.4,80,-2,-235,-157,-7.3,54,-32,-20,2,0.1,64,47,-68,43,2.0,47,-9,-89,-51,-2.4,21,-32,-12,-23,-1.1,3,138,-43,98,4.6
"Železniki",53,0,-3,50,...,22,0,-25,-3,...,41,2,-19,24,3.6,35,-2,-26,7,1.0,38,-1,-12,25,3.7,40,-8,4,36,5.3,42,8,-1,49,7.2,14,3,5,22,3.2,27,-1,-30,-4,-0.6,32,7,-13,26,3.8,14,2,-31,-15,-2.2,49,7,-17,39,5.7,25,8,-49,-16,-2.3,52,25,-82,-5,-0.7,38,10,-87,-39,-5.8,38,0,-31,7,1.0,23,3,-6,20,2.9,31,1,-36,-4,-0.6,35,6,-71,-30,-4.4,24,6,-50,-20,-3.0,30,-8,-59,-37,-5.5,28,-15,-42,-29,-4.3,32,14,-12,34,5.1,25,17,-61,-19,-2.8
"Žetale",-,-,-,-,...,-,-,-,-,...,-,-,-,-,-,-,-,-,-,-,-1,-1,-5,-7,-4.9,-2,1,10,9,6.4,-5,0,1,-4,-2.8,-5,0,4,-1,-0.7,-11,-1,2,-10,-7.0,-1,-1,4,2,1.4,-8,-5,9,-4,-2.8,-8,-3,3,-8,-5.7,-3,0,5,2,1.4,-8,-3,-26,-37,-27.3,-11,-3,19,5,3.7,-1,-2,-15,-18,-13.5,1,3,31,35,26.2,-3,-1,-10,-14,-10.4,-9,-6,10,-5,-3.7,-6,-4,-1,-11,-8.2,-5,-4,-14,-23,-17.6,4,-2,-3,-1,-0.8,-6,0,2,-4,-3.1,4,13,-20,-3,-2.3
"Žiri",23,1,-6,18,...,23,1,-8,16,...,0,2,-4,-2,-0.4,21,0,6,27,5.6,13,-4,-6,3,0.6,11,-1,-18,-8,-1.6,22,6,-6,22,4.5,9,0,-8,1,0.2,0,3,34,37,7.5,8,-2,-1,5,1.0,5,0,-18,-13,-2.6,16,0,-21,-5,-1.0,16,4,17,37,7.5,11,2,22,35,7.1,30,8,-40,-2,-0.4,23,3,-40,-14,-2.8,8,1,-12,-3,-0.6,12,4,-19,-3,-0.6,20,-8,-67,-55,-11.3,12,3,-21,-6,-1.2,31,1,9,41,8.5,6,1,-36,-29,-6.0,10,17,3,30,6.2,8,21,-23,6,1.2
"Žirovnica",-,-,-,-,...,-,-,-,-,...,-,-,-,-,-,-,-,-,-,-,9,1,35,45,11.2,16,8,15,39,9.6,0,5,18,23,5.6,11,-2,39,48,11.7,-17,3,28,14,3.4,-11,-4,15,0,0.0,-9,4,30,25,6.0,6,-2,18,22,5.2,-6,6,36,36,8.5,2,16,15,33,7.8,0,14,14,28,6.5,38,3,-7,34,7.9,20,4,29,53,12.1,8,-15,6,-1,-0.2,12,-16,-8,-12,-2.7,5,-19,-6,-20,-4.6,9,-7,10,12,2.7,15,-8,5,12,2.8,27,-18,11,20,4.5,7,13,-32,-12,-2.7
"Žužemberk",-,-,-,-,...,-,-,-,-,...,-,-,-,-,-,-,-,-,-,-,-4,-1,22,17,3.6,-7,-2,19,10,2.1,-32,2,12,-18,-3.9,-21,-9,-29,-59,-12.8,-17,1,14,-2,-0.4,-18,1,-17,-34,-7.4,-2,2,14,14,3.1,-5,2,14,11,2.4,-4,9,10,15,3.3,6,10,3,19,4.2,18,1,-46,-27,-6.0,11,2,5,18,4.0,10,0,23,33,7.2,12,-8,-2,2,0.4,-10,4,-3,-9,-2.0,26,-1,-36,-11,-2.4,16,3,25,44,9.6,15,-2,0,13,2.8,22,-3,-5,14,3.0,23,9,-26,6,1.3
